source,source_type,date,leader,url,title
15min,domestic,,gitanas_nausėda,https://www.15min.lt/naujiena/aktualu/lietuva/gitanas-nauseda-su-evt-pirmininku-aptare-es-konkurencinguma-bendrosios-rinkos-stiprinima-56-2616718,"Gitanas Nausėda su EVT pirmininku aptarė ES konkurencingumą, bendrosios rinkos stiprinimą"
15min,domestic,,gitanas_nausėda,https://www.15min.lt/naujiena/aktualu/lietuva/prezidentas-su-premjere-aptars-aktualijas-56-2613876,Prezidentas su premjere aptars aktualijas
15min,domestic,,gitanas_nausėda,https://www.15min.lt/naujiena/aktualu/lietuva/prezidentas-sako-kad-lietuva-mato-rysiu-su-kinija-gresmes-lygina-pekina-su-minsku-56-2613944,"Prezidentas sako, kad Lietuva mato ryšių su Kinija grėsmes, lygina Pekiną su Minsku"
15min,domestic,,gitanas_nausėda,https://www.15min.lt/naujienos/aktualu/lietuva?offset=2026-02-03%2009%3A16%3A08,"Lietuva, Naujienos ankstesnės nei 2026 02 03, 09:16"
15min,domestic,,gitanas_nausėda,https://www.15min.lt/m/id/komentarai/aktualu/lietuva/gitanas-nauseda-ragina-teisesauga-principingai-paziureti-i-epsteino-failus-naudotis-jav-pagalba-56-2613958,Gitanas Nausėda pasisakė dėl Epsteino failus: pasiuntė griežtą žinią teisėsaugai
15min,domestic,,gitanas_nausėda,https://www.15min.lt/tema/gitanas-nauseda-3?offset=2026-02-03%2008%3A23%3A03,"Gitanas Nausėda, ankstesni nei 2026-02-03 8 val. | Tema"
15min,domestic,,gitanas_nausėda,https://www.15min.lt/tema/gitanas-nauseda-3?offset=2026-02-02%2013:23:48,"Gitanas Nausėda, ankstesni nei 2026-02-02 13 val. | Tema"
15min,domestic,,gitanas_nausėda,https://www.15min.lt/tema/gitanas-nauseda-3?offset=2026-02-03%2006:26:02,"Gitanas Nausėda, ankstesni nei 2026-02-03 6 val. | Tema"
15min,domestic,,gitanas_nausėda,https://www.15min.lt/m/id/komentarai/aktualu/lietuva/gitanas-nauseda-rusijos-bombarduojami-ukrainos-miestai-rodo-kremliaus-pozicija-del-taikos-derybu-56-2613946,Gitanas Nausėda: Rusijos bombarduojami Ukrainos miestai rodo Kremliaus poziciją dėl taikos derybų
ANSA,domestic,,giorgia_meloni,https://www.ansa.it/amp/english/news/2026/02/05/meloni-to-meet-vance-in-milan-on-friday_72d86c78-f130-4936-b3c3-57f862bdb1b4.html,Meloni to meet Vance in Milan on Friday
ANSA,domestic,,giorgia_meloni,https://www.ansa.it/amp/english/newswire/english_service/2026/02/06/western-values-foundation-of-future-to-build-together-meloni-tells-vance_bae1b770-81f5-40ca-aa2c-20a116c41af5.html,++ Western values foundation of future to build together - Meloni tells Vance ++
ANSA,domestic,,giorgia_meloni,https://www.ansa.it/amp/english/news/politics/2026/02/06/western-values-foundation-of-future-to-build-together-meloni-tells-vance_3d1846a4-d940-45d7-b159-3da3780bf31a.html,"Western values foundation of future to build together, Meloni tells Vance"
ANSA,domestic,,giorgia_meloni,https://www.ansa.it/amp/english/newswire/english_service/2026/02/06/ansameloni-hails-western-values-during-milan-meeting-with-vance_6aff7f86-2281-4abd-9a5b-95d4e104ebcc.html,>>>ANSA/Meloni hails Western values during Milan meeting with Vance
ANSA,domestic,,giorgia_meloni,https://www.ansa.it/amp/english/newswire/english_service/2026/02/06/meloni-vance-meeting-confirms-italy-us-strategic-relationship-says-chigi-2_85f48217-c8f0-42d1-83ed-199d3f0988be.html,Meloni-Vance meeting confirms Italy-US strategic relationship says Chigi (2)
ANSA,domestic,,giorgia_meloni,https://www.ansa.it/amp/english/newswire/english_service/2026/02/06/-meloni-vance-meeting-confirms-italy-us-strategic-relationship-says-chigi-_bee39853-0d0a-4273-a0b4-101d7b2cbd48.html,++ Meloni-Vance meeting confirms Italy-US strategic relationship says Chigi ++
ANSA,domestic,,giorgia_meloni,https://www.ansa.it/amp/english/news/2026/02/02/meloni-proposes-bipartisan-security-resolution-to-opposition_c4eddd83-64e0-4d81-8b05-d98062038d55.html,Meloni proposes bipartisan security resolution to opposition
ANSA,domestic,,giorgia_meloni,https://www.ansa.it/amp/english/newswire/english_service/2026/02/02/ansameloni-reaches-out-to-opposition-on-security_9c940511-3835-486a-b156-3dc3fe198f97.html,>>>ANSA/Meloni reaches out to opposition on security
ANSA,domestic,,giorgia_meloni,https://www.ansa.it/amp/english/newswire/english_service/2026/02/02/-meloni-proposes-bipartisan-security-resolution-to-opposition-_877fb06f-8112-4a9c-a7b9-51f8bbc7bf80.html,++ Meloni proposes bipartisan security resolution to opposition ++
ANSA,domestic,,giorgia_meloni,https://www.ansa.it/amp/english/newswire/english_service/2026/02/05/package-not-one-off-measures-restores-freedom-and-security-to-citizens_618b21cd-e195-40c2-af4a-253d2891ba77.html,"Package not one-off measures, restores freedom and security to citizens says Meloni (2)"
ANSA,domestic,,giorgia_meloni,https://www.ansa.it/english/newswire/english_service/2026/02/05/fdi-branch-in-melonis-garbatella-district-of-rome-vandalised_b6df8a3a-396a-4223-ae19-374c7dfe0837.html,FdI branch in Meloni's Garbatella district of Rome vandalised
ANSA,domestic,,giorgia_meloni,https://www.ansa.it/amp/english/news/2026/02/06/crosetto-working-on-another-12000-auxiliary-carabinieri-on-streets-says-meloni_e605452d-403d-448a-9763-42e4f3292cf1.html,"Crosetto working on another 12,000 auxiliary Carabinieri on streets says Meloni"
ANSA,domestic,,giorgia_meloni,https://www.ansa.it/amp/english/newswire/english_service/2026/02/06/crosetto-working-on-another-12000-auxiliary-carabinieri-on-streets-says-meloni_0413ec3c-a005-4338-895d-0dbef96b856a.html,"++ Crosetto working on another 12,000 auxiliary Carabinieri on streets says Meloni ++"
ANSA,domestic,,giorgia_meloni,https://www.ansa.it/amp/english/newswire/english_service/2026/02/06/crosetto-working-on-another-12000-auxiliary-carabinieri-on-streets-says-meloni-2_68944e85-a5c0-473d-a5ec-180dc2c903d7.html,"Crosetto working on another 12,000 auxiliary Carabinieri on streets says Meloni (2)"
ANSA,domestic,,giorgia_meloni,https://www.ansa.it/amp/english/newswire/english_service/2026/02/04/-melonis-face-removed-from-rome-church-fresco-_2eaca675-c0fc-411d-a8a7-14908970b91d.html,++ Meloni's face removed from Rome church fresco ++
ANSA,domestic,,giorgia_meloni,https://www.ansa.it/amp/english/newswire/english_service/2026/02/04/melonis-face-removed-from-rome-church-fresco-2_ec456c29-dbb1-4d5b-ad13-3af4267a379c.html,Meloni's face removed from Rome church fresco (2)
ANSA,domestic,,giorgia_meloni,https://www.ansa.it/amp/english/news/general_news/2026/02/03/no-decision-yet-on-meloni-cherub-fresco-says-rome-diocese_2525b5e2-712b-41a4-83c8-5f3a8d192da1.html,No decision yet on Meloni-cherub fresco says Rome diocese
ANSA,domestic,,giorgia_meloni,https://www.ansa.it/amp/english/news/2026/02/06/vance-entourage-in-meloni-melons-spouse-gaffes_876d4f6a-7e8b-4069-8c90-ed861f545f63.html,Vance entourage in Meloni-'Melons' 'spouse' gaffes
AP News,wire,,claudia_sheinbaum,https://apnews.com/article/mexico-cuba-sheinbaum-humanitarian-aid-oil-0cad2c4f270321c897dd54e094763235,Mexico’s Sheinbaum pledges to send humanitarian aid to Cuba
AP News,wire,,donald_tusk,https://apnews.com/article/poland-epstein-jeffrey-russia-documents-036d5074cca6f555eb895b0dee416720,Poland to investigate Epstein files for potential Polish victims
AP News,wire,,giorgia_meloni,https://apnews.com/article/winter-olympics-protest-milan-ice-demonstration-d34ec7f856d96c0eaae7b73915fae2c6,"Meloni condemns anti-Olympics actions in Milan, calling demonstrators ‘enemies of Italy’"
AP News,wire,,giorgia_meloni,https://apnews.com/video/painting-of-angel-in-italian-church-with-face-resembling-meloni-covered-after-outcry-ae0c7299d7354b0caf501e02688c0025,Painting of angel in Italian church with face resembling Meloni covered after outcry
AP News,wire,,giorgia_meloni,https://apnews.com/article/italy-meloni-cherub-church-4413c13e787832e913f9e2cb78da647b,An angel resembling Italy’s Meloni is painted over after an outcry from church and state
AP News,wire,,giorgia_meloni,https://apnews.com/video/painting-on-all-of-church-that-resembles-italian-premier-giorgia-meloni-creates-uproar-in-rome-0ffe0bc40350493b97ff06ac980f5a3a,Painting on wall of church that resembles Italian Premier Giorgia Meloni creates uproar in Rome
AP News,wire,,giorgia_meloni,https://apnews.com/article/meloni-cherub-caravaggio-culture-d712a2acd753364bab299147415fdf38,Church and state in Italy are investigating the appearance of a cherub resembling Meloni
AP News,wire,,keir_starmer,https://apnews.com/article/jeffrey-epstein-britain-keir-starmer-mandelson-c1e5c7654cc9bd48126b9ba3ea6996ef,UK leader's chief of staff quits over appointment of Mandelson as ambassador despite Epstein ties
AP News,wire,,keir_starmer,https://apnews.com/article/uk-starmer-peter-mandelson-epstein-ea1e52adb8399eb97825f5c34b3c7343,UK’s Starmer didn’t know Jeffrey Epstein. But the prime minister’s job is under threat
AP News,wire,,keir_starmer,https://apnews.com/article/starmer-britain-epstein-mandelson-leadership-labour-1672f25ab8e2ec9fb4eaed9cb744c0b0,"After Epstein fallout, UK leader Starmer faces hurdles and rivals as he battles to keep his job"
AP News,wire,,volodymyr_zelenskyy,https://apnews.com/article/russia-ukraine-war-missile-drone-attack-electricity-c10dbc6b621e196606fc79caab0eaad5,Russia bombards Ukraine with drones and missiles a day before planned peace talks
AP News,wire,,volodymyr_zelenskyy,https://apnews.com/article/russia-ukraine-war-zelenskyy-june-deadline-98da4e17de8ab377363ae9c3ff308001,"US gave Ukraine and Russia a June deadline to reach agreement to end war, Zelenskyy says"
AP News,wire,,volodymyr_zelenskyy,https://apnews.com/article/russia-ukraine-war-peace-air-defense-593bfaa82f86473d1de17c4a244ee84d,Zelenskyy says Ukrainian air force needs to improve as Russian drone barrages take a toll
Aristegui Noticias,domestic,,claudia_sheinbaum,https://aristeguinoticias.com/0202/mundo/trump-insiste-en-que-mexico-dejara-de-enviar-petroleo-a-cuba/,Trump insiste en que 'México dejará de enviar petróleo' a Cuba
Aristegui Noticias,domestic,,claudia_sheinbaum,https://aristeguinoticias.com/0502/mexico/sheinbaum-asegura-que-mexico-no-se-doblega-ante-presiones-de-ee-uu/,Sheinbaum asegura que México 'no se doblega' ante presiones de EE.UU.
Aristegui Noticias,domestic,,claudia_sheinbaum,https://aristeguinoticias.com/0502/dinero-y-economia/bbva-respalda-plan-de-inversiones-de-sheinbaum-pero-pide-certidumbre-en-las-reglas/,"BBVA respalda plan de inversiones de Sheinbaum, pero pide “certidumbre” en las reglas"
Aristegui Noticias,domestic,,claudia_sheinbaum,https://aristeguinoticias.com/0202/mexico/aristegui-en-vivo-trump-y-sheinbaum-difieren-sobre-cuba-adan-augusto-deja-coordinacion-bad-bunny-contra-ice-en-los-grammy-02-02-2026/,Lo mejor de Aristegui en Vivo: Trump y Sheinbaum difieren sobre Cuba; Adán Augusto deja coordinación
Aristegui Noticias,domestic,,claudia_sheinbaum,https://aristeguinoticias.com/0602/mexico/aristegui-en-vivo-cae-el-alcalde-de-tequila-jalisco-sheinbaum-mexico-no-se-doblega-narcocampamentos-en-sinaloa-06-02-2026/,Lo mejor de Aristegui en Vivo: Limpian zapatos a ministro Aguilar Ortíz y el video indigna; Cae el a
Aristegui Noticias,domestic,,claudia_sheinbaum,https://aristeguinoticias.com/0402/dinero-y-economia/sheinbaum-llama-a-empresas-mexicanas-y-extranjeras-a-invertir-en-mexico/,Sheinbaum llama a empresas mexicanas y extranjeras a invertir en México
Aristegui Noticias,domestic,,claudia_sheinbaum,https://aristeguinoticias.com/0302/mexico/la-mananera-de-sheinbaum-mediacion-entre-cuba-y-ee-uu-hacienda-presenta-plan-de-inversion-mixta-03-02-2026/,La Mañanera de Sheinbaum | ¿Mediación entre Cuba y EE.UU?; Hacienda presenta plan de 'inversión mixt
BBC,domestic,,keir_starmer,https://www.bbc.com/news/articles/cvg1g83zvlyo,"Mandelson scandal is 'serious' for Starmer but PM is 'man of integrity', Brown says"
BBC,domestic,,keir_starmer,https://www.bbc.com/news/articles/c338g8n334mo,Henry Zeffman: Could this be the beginning of the end for Keir Starmer?
BBC,domestic,,keir_starmer,https://www.bbc.com/news/articles/cp37v4kyv3eo,Starmer apologises to Epstein victims for believing Mandelson's 'lies'
BBC,domestic,,keir_starmer,https://www.bbc.com/audio/play/m002qtj0,Sir Keir Starmer apologises to Epstein victims
BBC,domestic,,keir_starmer,https://www.bbc.com/audio/play/w172zsskmkslhjj,Britain's Prime Minister apologises to Epstein victims
BBC,domestic,,keir_starmer,https://www.bbc.com/audio/play/p0mzc2gn,Epstein Files: Will Mandelson Cost Starmer His Job?
BBC,domestic,,keir_starmer,https://www.bbc.com/news/articles/cp37vx2yvpvo,Call for PM Keir Starmer to resign amid Mandelson scandal
BBC,domestic,,keir_starmer,https://www.bbc.com/news/articles/cy03nd2yxzdo,"Don't drop PM over Mandelson, minister urges Labour MPs"
BBC,domestic,,keir_starmer,https://www.bbc.com/news/live/c74wd01egvyt,"McSweeney quits as PM's chief of staff, saying he takes 'full responsibility' for advising Mandelson"
BBC,domestic,,keir_starmer,https://www.bbc.com/news/articles/czej4ep882ko,MPs are shocked and angry at Mandelson - and furious with Starmer
BBC,domestic,,keir_starmer,https://www.bbc.com/news/articles/cr7j7n0nxvlo,Three things that could bring Starmer down - and what might save him
BBC,domestic,,keir_starmer,https://www.bbc.com/news/articles/cm24j3lde1eo,'U-turn on Mandelson files' and 'Starmer in grave peril'
BBC,domestic,,keir_starmer,https://www.bbc.com/news/articles/cx2pe8m4xk1o,Chris Mason: Starmer can ill afford any more days like these
BBC,domestic,,keir_starmer,https://www.bbc.com/news/articles/ce8erj6z8x5o,Chris Mason: Mandelson revelations a scandal on another level
BNS,domestic,,gitanas_nausėda,https://sc.bns.lt/view/item/lietuvos-respublikos-prezidentas-gitanas-nauseda-523568,Lietuvos Respublikos Prezidentas Gitanas Nausėda
BNS,domestic,,kristen_michal,https://www.bns.ee/topic/648/news/69931387/,Kuidas saada BNS-i kasutajaks?
Brasil de Fato,domestic,,lula_da_silva,https://www.brasildefato.com.br/2026/02/05/we-will-not-look-the-other-way-brazil-launches-coordinated-national-strategy-to-fight-femicide/,‘We will not look the other way’: Brazil launches coordinated national strategy to fight femicide
CBC News,domestic,,mark_carney,https://www.cbc.ca/news/politics/electric-vehicles-climate-change-mark-carney-9.7078401,Will Canada's new auto strategy put as many EVs on the road as Carney says?
CBC News,domestic,,mark_carney,https://www.cbc.ca/news/politics/carney-dropping-ev-mandate-introducing-new-emissions-standards-9.7075302,"Goodbye EV sales mandate, hello purchase rebates. Carney shakes up Canada's auto industry"
Cabinet of Ministers,domestic,,evika_siliņa,https://www.mk.gov.lv/lv/jaunums/e-silina-xxv-ziemas-olimpisko-spelu-pasakumos-milana-mes-neesam-liela-nacija-bet-mums-ir-lieli-sapni,"E. Siliņa XXV ziemas olimpisko spēļu pasākumos Milānā: Mēs neesam liela nācija, bet mums ir lieli sa"
Corriere della Sera,domestic,,giorgia_meloni,https://milano.corriere.it/notizie/cronaca/26_febbraio_05/j-d-vance-a-milano-la-giornata-del-vicepresidente-usa-tra-lusso-e-diplomazia-corteo-da-45-auto-quattro-piani-bloccati-in-hotel-e-6ac31bd8-6572-4aca-9ad6-c1fe8d377xlk.shtml,"J. D. Vance a Milano, la giornata del vicepresidente Usa tra lusso e diplomazia: corteo da 45 auto, "
Corriere della Sera,domestic,,giorgia_meloni,https://video.corriere.it/roma/ritratto-meloni-giulia-bongiorno-a-san-lorenzo-in-lucina-guardate-il-crocifisso-di-guido-reni-il-resto-lasciatelo-stare/b0ba378b-dfa3-43e4-b982-c3a28a1c2xlk,"Ritratto Meloni, Giulia Bongiorno a San Lorenzo in Lucina: «Guardate il crocifisso di Guido Reni, il"
Corriere della Sera,domestic,,giorgia_meloni,https://www.corriere.it/politica/26_febbraio_08/pucci-il-pd-replica-a-meloni-il-paese-in-emergenza-lei-pensa-a-sanremo-c741f449-8da8-43bf-a050-8afada516xlk.shtml,"Pucci, il Pd replica a Meloni: «Il Paese in emergenza, lei pensa a Sanremo». Renzi: «Lei fa più ride"
Corriere della Sera,domestic,,giorgia_meloni,https://www.corriere.it/esteri/26_febbraio_07/meloni-vance-board-of-peace-2c54f6b6-4ae2-43f5-82d1-f58c7d1c7xlk.shtml,Il bilaterale Meloni-Vance e la spinta Usa per un ruolo dell'Italia nel «Board of Peace». L'ipotesi 
Corriere della Sera,domestic,,giorgia_meloni,https://roma.corriere.it/notizie/politica/26_febbraio_02/affresco-san-lorenzo-lucina-meloni-65aef752-4260-4535-a99b-2621e0902xlk.shtml,"L'affresco di San Lorenzo in Lucina è una vittoria alata, non un angelo: ma l'immagine del 2000 non "
Delfi Estonia,domestic,,kristen_michal,https://www.delfi.ee/artikkel/120434118/otsepilt-ja-blogi-valitsuse-pressikonverentsil-annavad-aru-michal-kallas-keldo-ja-pakosta,"VIDEOD | Peaminister Michal president Karise sõnavõttudest: olen kurb, et pean üldse midagi ütlema"
Delfi Estonia,domestic,,kristen_michal,https://www.delfi.ee/artikkel/120434118/,"VIDEOD | Peaminister Michal president Karise sõnavõttudest: olen kurb, et pean üldse midagi ütlema"
Delfi Latvija,domestic,,evika_siliņa,https://www.delfi.lv/video/54057146/kapec/120105533/bac-pagaidam-nezina-ka-izpildit-silinas-uzdevumu-par-epstina-failiem,"BAC pagaidām nezina, kā izpildīt Siliņas uzdevumu par Epstīna failiem"
Der Spiegel,domestic,,friedrich_merz,https://www.spiegel.de/wirtschaft/soziales/rente-reform-der-altersversorgung-bekommt-in-der-regierung-oberste-prioritaet-a-7a6db17a-a064-47d4-97ce-3cee4b641a07,Umbau des Sozialstaats: Rentenreform bekommt in der Regierung oberste Priorität
Der Spiegel,domestic,,friedrich_merz,https://www.spiegel.de/politik/deutschland/cdu-die-partei-ist-enttaeuscht-von-friedrich-merz-und-wird-rebellisch-a-80fadabd-8056-4293-b31d-7c85e64a4740,CDU: Die Partei ist enttäuscht von Friedrich Merz – und wird rebellisch
Der Spiegel,domestic,,friedrich_merz,https://www.spiegel.de/politik/deutschland/friedrich-merz-regierung-flog-mit-sechs-jets-zu-mini-gipfel-in-rom-a-a55bacf5-6c58-46a8-a435-b220aecf4e21,Friedrich Merz: Regierung flog mit sechs Jets zu Mini-Gipfel in Rom
Der Spiegel,domestic,,friedrich_merz,https://www.spiegel.de/politik/deutschland/saudi-arabien-katar-vae-gruene-verlangen-von-friedrich-merz-klare-worte-gegenueber-scheichs-a-0c4425ea-1edd-4f47-a51f-004011b45045,"Saudi-Arabien, Katar, VAE: Grüne verlangen von Friedrich Merz klare Worte gegenüber Scheichs"
ERR,domestic,,kristen_michal,https://www.err.ee/1609932539/michal-karise-valjautlemised-on-vastuolus-eesti-pohimotteliste-vaartustega,Michal: Karise väljaütlemised on vastuolus Eesti põhimõtteliste väärtustega
ERR,domestic,,kristen_michal,https://www.err.ee/1609932152/otse-kell-12-valitsuse-pressikonverentsil-michal-kallas-keldo-pakosta,"Otse kell 12: valitsuse pressikonverentsil Michal, Kallas, Keldo, Pakosta"
ERR,domestic,,kristen_michal,https://news.err.ee/1609930736/pm-estonia-pushing-latvia-to-keep-rail-baltica-construction-on-schedule,PM: Estonia pushing Latvia to keep Rail Baltica construction on schedule
ERR,domestic,,kristen_michal,https://news.err.ee/1609932554/pm-karis-latest-ukraine-remarks-clash-with-estonia-s-core-values,PM: Karis' latest Ukraine remarks clash with Estonia's core values
El Financiero,domestic,,claudia_sheinbaum,https://www.elfinanciero.com.mx/nacional/2026/02/05/cuba-agradece-a-sheinbaum-envio-de-petroleo-pero-lamenta-que-desde-diciembre-no-recibe-combustible/,Cuba agradece a Sheinbaum envío de petróleo... pero ‘lamenta’ que desde diciembre no recibe combusti
El Financiero,domestic,,claudia_sheinbaum,https://www.elfinanciero.com.mx/nacional/2026/02/06/cargamento-desde-mexico-para-cuba-que-lleva-el-buque-con-ayuda-humanitaria-segun-sheinbaum/,"Cargamento desde México para Cuba: ¿Qué lleva el buque con ayuda humanitaria, según Sheinbaum?"
El Financiero,domestic,,claudia_sheinbaum,https://www.elfinanciero.com.mx/nacional/2026/02/05/mexico-evalua-como-mandar-petroleo-a-cuba-sin-salir-raspado-por-los-aranceles-de-trump-reuters/,México evalúa cómo mandar petróleo a Cuba sin salir ‘raspado’ por los aranceles de Trump: Reuters
El Financiero,domestic,,claudia_sheinbaum,https://www.elfinanciero.com.mx/nacional/2026/02/06/cuando-enviara-mexico-paquete-de-ayuda-humanitaria-a-cuba/,"Aguanta, Cuba: Ayuda humanitaria de México sale ‘a más tardar’ el próximo lunes, adelanta Sheinbaum"
El Financiero,domestic,,claudia_sheinbaum,https://www.elfinanciero.com.mx/nacional/2026/02/04/sheinbaum-se-toma-un-break-por-esta-razon-no-habra-mananera-del-pueblo-este-jueves-5-de-febrero/,¿Sheinbaum se toma un ‘break’? Por esta razón no habrá Mañanera del Pueblo este jueves 5 de febrero
El Observador,domestic,,yamandú_orsi,https://www.elobservador.com.uy/nacional/yamandu-orsi-visito-la-gran-muralla-china-y-la-ciudad-prohibida-su-segundo-dia-el-pais-asiatico-n6033070,En fotos: Yamandú Orsi visitó la Gran Muralla China y la Ciudad Prohibida en su segundo día en el pa
El Observador,domestic,,yamandú_orsi,https://www.elobservador.com.uy/tras-visto-bueno-china-uruguay-pedira-ingreso-al-rcep-el-acuerdo-comercial-mas-grande-del-mundo-n6033691,"Tras visto bueno de China, Uruguay pedirá ingreso al RCEP, el acuerdo comercial más grande del mundo"
El Observador,domestic,,yamandú_orsi,https://www.elobservador.com.uy/nacional/yamandu-orsi-aseguro-que-las-relaciones-china-y-uruguay-representan-un-proceso-que-no-se-detiene-n6033221,"Yamandú Orsi aseguró que las relaciones entre China y Uruguay representan ""un proceso que no se deti"
El Observador,domestic,,yamandú_orsi,https://www.elobservador.com.uy/nacional/celulares-afuera-el-recuerdo-uruguay-y-la-referencia-trump-detalles-del-encuentro-orsi-xi-jinping-que-arremetio-contra-la-ley-la-selva-n6033549,"Celulares afuera, el recuerdo de Uruguay y la referencia a Trump: detalles del encuentro de Orsi con"
El Observador,domestic,,yamandú_orsi,https://www.elobservador.com.uy/orsi-prepara-discurso-balance-su-primer-ano-gobierno-y-definira-el-lugar-su-regreso-china-el-fa-lo-ve-como-un-mojon-su-narrativa-n6033273,Orsi prepara discurso de balance de su primer año de gobierno y definirá el lugar a su regreso de Ch
El Observador,domestic,,yamandú_orsi,https://www.elobservador.com.uy/nacional/mision-oficial-china-orsi-ya-se-encuentra-shanghai-la-ultima-ciudad-que-visitara-previo-su-regreso-n6033469,"Misión oficial en China: Orsi ya se encuentra en Shanghái, la última ciudad que visitará previo a su"
El Observador,domestic,,yamandú_orsi,https://www.elobservador.com.uy/futbol/auf-tenfield-china-avanzan-la-firma-los-contratos-la-proxima-semana-el-futbol-uruguayo-no-se-vera-gratis-y-liberan-la-senal-un-fin-semana-mas-n6033639,"AUF y Tenfield, en China, avanzan hacia la firma de los contratos: el fútbol uruguayo no se verá gra"
El Observador,domestic,,yamandú_orsi,https://www.elobservador.com.uy/futbol/viernes-definiciones-china-dia-clave-arreglar-todo-y-firmar-contratos-auf-y-tenfield-derechos-tv-del-futbol-uruguayo-la-gira-presidencial-orsi-n6033545,Viernes de definiciones en China: día clave para arreglar todo y firmar contratos entre AUF y Tenfie
El Observador,domestic,,yamandú_orsi,https://www.elobservador.com.uy/futbol/gira-la-auf-china-inversiones-la-remodelacion-del-estadio-centenario-el-mundial-2030-y-un-intercambio-la-base-del-futbol-n6033674,Gira de la AUF por China: inversiones para la remodelación del Estadio Centenario para el Mundial 20
El Observador,domestic,,yamandú_orsi,https://www.elobservador.com.uy/nacional/orsi-le-pateo-un-penal-un-nino-chino-pero-no-quedo-conforme-el-gol-se-lo-dejo-hacer-dijo-el-presidente-n6033390,"Orsi le pateó un penal a un niño chino pero no quedó conforme con el gol: ""se lo dejó hacer"", dijo e"
El País,domestic,,yamandú_orsi,https://www.elpais.com.uy/mundo/taiwan-cargo-contra-el-gobierno-uruguayo-por-afirmar-que-la-isla-es-parte-inalienable-de-china,"Taiwán cargó contra el Gobierno uruguayo por afirmar que la isla es ""parte inalienable"" de China"
El País,domestic,,yamandú_orsi,https://www.elpais.com.uy/informacion/politica/yamandu-orsi-recorrio-la-muralla-china-y-la-ciudad-prohibida-en-la-previa-del-encuentro-con-xi-jinping,Yamandú Orsi recorrió la Muralla China y la Ciudad Prohibida en la previa del encuentro con Xi Jinpi
El País,domestic,,yamandú_orsi,https://www.elpais.com.uy/informacion/politica/uruguay-consolida-continuidad-en-relacion-con-china-y-deja-por-el-camino-posibilidad-de-tlc-bilateral,Uruguay consolida “continuidad” en relación con China y deja por el camino posibilidad de TLC bilate
El País,domestic,,yamandú_orsi,https://www.elpais.com.uy/informacion/politica/en-declaracion-conjunta-uruguay-y-china-reafirman-su-intencion-de-avanzar-en-un-tlc-entre-el-pais-asiatico-y-el-mercosur,"En declaración conjunta, Uruguay y China reafirman su intención de avanzar en un TLC entre el país a"
El País,domestic,,yamandú_orsi,https://www.elpais.com.uy/informacion/politica/de-regreso-en-el-poder-fa-celebra-55-anos-a-la-espera-de-un-quiebre-el-1,"De regreso al poder, FA celebra 55 años y marca discurso de Orsi en el Parlamento como día clave"
El País,domestic,,yamandú_orsi,https://www.elpais.com.uy/informacion/politica/desde-el-puerto-mas-grande-del-mundo-hasta-un-jardin-de-700-anos-asi-fue-el-penultimo-dia-de-orsi-en-china,Desde el puerto más grande del mundo hasta un jardín de 700 años: así fue el penúltimo día de Orsi e
El País,domestic,,yamandú_orsi,https://www.elpais.com.uy/informacion/sociedad/malestar-en-el-poder-ejecutivo-con-la-postura-de-fernando-lorenzo-desde-cinve-a-favor-de-gravar-al-1-mas-rico,"Malestar en el Poder Ejecutivo con la postura de Fernando Lorenzo desde Cinve, a favor de gravar al "
El País,domestic,,yamandú_orsi,https://www.elpais.com.uy/informacion/sociedad/caso-cardama-auditoria-de-bureau-veritas-califica-que-calidad-de-construccion-de-los-buques-es-satisfactoria,"Caso Cardama: auditoría de Bureau Veritas califica que calidad de construcción de los buques ""es sat"
El País,domestic,,yamandú_orsi,https://rurales.elpais.com.uy/valor-agregado/china-fratti-destaco-una-apertura-inedita-y-confirmo-nuevos-acuerdos-sanitarios-y-comerciales-para-el-agro-uruguayo,Fratti valoró la apertura de China y los avances en acuerdos para el sector agropecuario
El País,domestic,,yamandú_orsi,https://www.elpais.com.uy/informacion/politica/orsi-tras-su-reunion-con-xi-jinping-en-china-si-termina-en-un-tlc-a-esta-altura-no-es-lo-mas-importante,"Orsi tras su reunión con Xi Jinping en China: ""Si termina en un TLC, a esta altura no es lo más impo"
El País,domestic,,yamandú_orsi,https://www.elpais.com.uy/informacion/politica/orsi-busco-inversiones-y-promocionar-el-comercio-ante-170-empresarios-chinos-en-su-ultimo-dia-de-gira,"Orsi buscó inversiones y promocionar el comercio ante 170 empresarios chinos, en su último día de gi"
El Universal,domestic,,claudia_sheinbaum,https://www.eluniversal.com.mx/nacion/no-somos-santa-anna-dice-sheinbaum-ante-declaraciones-de-trump-lee-articulos-de-la-constitucion-mexicana-en-la-mananera/,"""No somos Santa Anna"", dice Sheinbaum ante declaraciones de Trump"
Financial Times,domestic,,keir_starmer,https://www.ft.com/content/b5b3f709-ff8d-4a22-9d4f-1609775bf52b,"Mandelson, money - and the risk to the prime minister"
Financial Times,domestic,,keir_starmer,https://www.ft.com/content/584aec03-6eaa-4aee-8751-88592253d3bc,Keir Starmer apologises to victims of Jeffrey Epstein
Financial Times,domestic,,keir_starmer,https://www.ft.com/content/af753c0f-cb24-4ff2-9630-c5095c58b038,Morgan McSweeney resigns as Downing Street chief of staff
Financial Times,domestic,,keir_starmer,https://www.ft.com/content/5bba355e-b8e3-4bc3-b440-750a23f8d48c,Starmer faces questions over visit to Palantir office alongside Mandelson
Financial Times,domestic,,keir_starmer,https://www.ft.com/content/dcfda2fa-67d4-4858-b16a-b82352b5f7e3,Keir Starmer’s weakening grip on power
Financial Times,domestic,,keir_starmer,https://www.ft.com/content/fdf7afe9-9ad3-4325-8843-f590dcdd7e57,Peter Mandelson leaked sensitive UK government tax plans to Jeffrey Epstein
Financial Times,domestic,,keir_starmer,https://www.ft.com/content/7742a227-eefd-401b-ab00-41b71ae161ef,Starmer under mounting pressure as it happened — prime minister apologises to Epstein victims
Financial Times,domestic,,keir_starmer,https://www.ft.com/content/e4f5f18d-6f6c-45f7-ab99-1cbaaeb98bd7,Starmer engulfed in leadership speculation as he backtracks over Mandelson papers
Financial Times,domestic,,keir_starmer,https://www.ft.com/content/1a296ae4-a19d-4650-bdf9-4a3a1d1b25f7,Mandelson and the money that never sleeps
Financial Times,domestic,,keir_starmer,https://www.ft.com/content/dca0467c-f64e-4ece-badb-387711dcffdc,UK think-tank close to Labour paid firm to identify source of leaks to media
Financial Times,domestic,,keir_starmer,https://www.ft.com/content/08b4aebd-87c5-4183-8ef6-1986499da3a4,Mandelson row hits Starmer already at rock bottom
G1,domestic,,lula_da_silva,https://g1.globo.com/politica/blog/julia-duailibi/post/2026/02/04/bolsonaro-papuda-investigacao.ghtml,Bolsonaro é ouvido na Papudinha por chamar Lula de 'cachaça' e associá-lo ao tráfico no Alemão
G1,domestic,,lula_da_silva,https://g1.globo.com/politica/noticia/2026/02/04/tres-poderes-lancam-pacto-contra-o-feminicidio.ghtml,"Três Poderes lançam pacto contra o feminicídio com diretrizes iniciais, mas sem ações efetivas defin"
G1,domestic,,lula_da_silva,https://g1.globo.com/ba/bahia/noticia/2026/02/06/presidente-lula-entrega-novas-ambulancias-do-samu-e-anuncia-investimento-para-a-saude-da-bahia.ghtml,Presidente Lula entrega novas ambulâncias do Samu e anuncia investimento de R$ 345 milhões para a sa
G1,domestic,,lula_da_silva,https://g1.globo.com/politica/noticia/2026/02/06/lula-defende-pec-da-seguranca-publica-e-cobra-apoio-do-congresso.ghtml,"Lula defende PEC da Segurança Pública, cobra apoio do Congresso e sinaliza criação de ministério"
G1,domestic,,lula_da_silva,https://g1.globo.com/politica/noticia/2026/02/07/em-salvador-lula-diz-que-politica-apodreceu-e-esta-mercantilizada.ghtml,"Em Salvador, Lula diz que política 'apodreceu' e está 'mercantilizada'"
G1,domestic,,lula_da_silva,https://g1.globo.com/go/goias/noticia/2026/02/05/adolescente-que-fez-mandados-de-prisao-falsos-contra-lula-e-moraes-leva-vida-de-luxo-e-estava-fora-da-escola-ha-dois-anos-diz-policia.ghtml,Adolescente que fez mandados de prisão falsos contra Lula e Moraes leva vida de luxo e estava fora d
G1,domestic,,lula_da_silva,https://g1.globo.com/go/goias/noticia/2026/02/05/operacao-combate-fraude-que-colocava-mandados-de-prisao-falsos-nos-sistemas-do-tj-de-goias-e-do-cnj.ghtml,"Operação combate fraude que inseriu mandados de prisão falsos no TJ e CNJ, incluindo nomes de Lula e"
G1,domestic,,lula_da_silva,https://g1.globo.com/meio-ambiente/noticia/2026/02/05/pirarucu-peixe-simbolo-da-amazonia-vira-ameaca-ambiental-fora-do-seu-habitat.ghtml,Pirarucus na Granja do Torto: peixe símbolo da Amazônia vira ameaça ambiental fora do seu habitat
G1,domestic,,lula_da_silva,https://g1.globo.com/politica/noticia/2026/02/05/lula-diz-que-conversou-com-filho-citado-em-cpmi-do-inss-se-voce-tiver-alguma-coisa-vai-paga-o-preco.ghtml,"Lula diz que conversou com filho citado em CPMI do INSS: 'Se você tiver alguma coisa, vai pagar o pr"
G1,domestic,,lula_da_silva,https://g1.globo.com/politica/noticia/2026/02/05/lula-se-reune-com-o-primeiro-ministro-da-russia-e-defende-a-ampliacao-do-comercio-entre-os-dois-paises.ghtml,"Lula se reúne com o primeiro-ministro da Rússia, e declaração conjunta defende o multilateralismo e "
G1,domestic,,lula_da_silva,https://g1.globo.com/politica/blog/gerson-camarotti/post/2026/02/03/em-desenho-para-sao-paulo-lula-estuda-cenario-com-simone-para-o-governo-e-haddad-no-senado.ghtml,"Em desenho para São Paulo, Lula estuda cenário com Simone para governo e Haddad no Senado"
Gazeta Mercantil,domestic,,lula_da_silva,https://gazetamercantil.com/lula-plano-reeleicao-2026-aliados-pt,"Lula lança plano de reeleição, critica sistema político e amplia articulação para 2026"
Gazeta Mercantil,domestic,,lula_da_silva,https://gazetamercantil.com/autocorrecao-do-stf-fachin-maturidade-institucional,Autocorreção do STF: Fachin diz que conceito reflete maturidade institucional e não reconhecimento d
Gazeta Wyborcza,domestic,,donald_tusk,"https://wyborcza.pl/7,75398,32574552,tusk-o-aferze-epsteina-do-zbadania-sa-watki-polskie-rzad-powoluje.html",Tusk o aferze Epsteina: do zbadania są wątki polskie. Rząd powołuje specjalny zespół
Gazeta Wyborcza,domestic,,donald_tusk,"https://wyborcza.pl/7,75399,32580358,donald-tusk-w-kijowie-powstana-wspolne-fabryki-technologii.html",Donald Tusk w Kijowie. Powstaną wspólne fabryki technologii obronnych
Gazeta Wyborcza,domestic,,donald_tusk,"https://wyborcza.pl/7,75398,32582885,kulisy-strategii-pis-kaczynski-wkracza-po-awanturze-z-ambasadorem.html",Kulisy strategii PiS. Kaczyński wkracza po awanturze z ambasadorem USA
Gazeta Wyborcza,domestic,,donald_tusk,"https://wyborcza.pl/7,75399,32580468,ambasador-usa-zrywa-kontakty-z-czarzastym-powodem-brak-szacunku.html","Czarzasty nie poparł Nobla dla Trumpa. Ambasador USA zrywa z nim relacje i twierdzi, że nie szanuje "
Gazeta Wyborcza,domestic,,karol_nawrocki,"https://wyborcza.pl/7,75398,32574813,w-abw-nie-awansuja-bo-torturowali-ksiedza.html","W ABW nie awansują, bo ""torturowali księdza"""
Gazeta Wyborcza,domestic,,karol_nawrocki,"https://wyborcza.pl/7,75398,32573205,prezydent-nawrocki-ulaskawil-trzy-osoby.html",Prezydent Nawrocki ułaskawił trzy osoby
Gazeta Wyborcza,domestic,,karol_nawrocki,"https://wyborcza.pl/magazyn/7,124059,32579861,kulisy-ataku-nawrockiego-na-czarzastego-prezydent-nie-przewidzial.html",Nawrocki podał nam piłkę - mówi mi ważny polityk rządowy o Czarzastym
Globe and Mail,domestic,,mark_carney,https://www.theglobeandmail.com/canada/toronto/article-mark-carney-davos-speech-right-message/,Mark Carney’s speech got the world’s attention – but was it the right message?
Governo Italiano,domestic,,giorgia_meloni,https://www.governo.it/en/articolo/meeting-vice-president-united-states-america/31053,Meeting with the Vice President of the United States of America
Governo Italiano,domestic,,giorgia_meloni,https://www.governo.it/en/articolo/meeting-prime-minister-czech-republic/31019,Meeting with the Prime Minister of the Czech Republic
Handelsblatt,domestic,,friedrich_merz,https://www.handelsblatt.com/politik/deutschland/eu-merz-fordert-dringend-mehr-eigenstaendigkeit-von-europa/100196707.html,EU: Merz fordert dringend mehr Eigenständigkeit von Europa
Handelsblatt,domestic,,friedrich_merz,https://www.handelsblatt.com/politik/deutschland/infrastruktur-dieses-milliardenschwere-netz-soll-uns-im-ernstfall-schuetzen/100191101.html,Infrastruktur: Dieses milliardenschwere Netz soll uns im Ernstfall schützen
Helsingin Sanomat,domestic,,alexander_stubb,https://www.hs.fi/pkseutu/art-2000011792755.html,Vantaa | Presidentti Stubb vieraili ”oikein kivassa” Vantaan kaupungissa
Helsingin Sanomat,domestic,,alexander_stubb,https://www.hs.fi/politiikka/art-2000011750531.html,Valtiopäivien avajaiset | Stubb: USA:n ulkopolitiikan ideologia ristiriidassa arvojemme kanssa
Helsingin Sanomat,domestic,,alexander_stubb,https://www.hs.fi/paakirjoitukset/art-2000011792404.html,Pääkirjoitus | Stubb sanoi suorat sanat Trumpin Yhdysvalloista
Helsingin Sanomat,domestic,,alexander_stubb,https://www.hs.fi/kuuntele/art-2000011793067.html,Päivän tärkeimmät uutiset keskiviikkona 4. helmikuuta
Hromadske,domestic,,volodymyr_zelenskyy,https://hromadske.ua/en/war/258961-obmin-polonenymy-iz-rosiyskoyi-nevoli-povertaiutsia-157-ukrayintsiv-zelenskyy,Ukraine brings home 157 from Russian captivity in latest swap – Zelenskyy
IPN,domestic,,maia_sandu,https://ipn.md/en/maia-sandu-nominated-for-the-nobel-peace-prize-by-a-norwegian-deputy/,"Maia Sandu, nominated for the Nobel Peace Prize by a Norwegian deputy"
IPN,domestic,,maia_sandu,https://ipn.md/en/maia-sandu-proposes-consultations-for-protecting-children-in-the-online-environment/,Maia Sandu proposes consultations for protecting children in the online environment
Il Sole 24 Ore,domestic,,giorgia_meloni,https://en.ilsole24ore.com/art/melons-canvas-vance-common-values-eu-and-usa-AIHwGAIB,Meloni mends fences with Vance: 'Common values between EU and US'
Il Sole 24 Ore,domestic,,giorgia_meloni,https://www.ilsole24ore.com/art/meloni-ricuce-tela-vance-valori-comuni-ue-e-usa-AIHwGAIB,Meloni ricuce la tela con Vance: «Valori comuni tra Ue e Usa»
Il Sole 24 Ore,domestic,,giorgia_meloni,https://en.ilsole24ore.com/art/sanremo-2026-andrea-pucci-renounces-co-hosting-solidarity-with-meloni-and-salvini-AIiOIfJB,"Sanremo 2026, Andrea Pucci renounces co-hosting. Solidarity of Meloni"
Il Sole 24 Ore,domestic,,giorgia_meloni,https://www.ilsole24ore.com/art/meloni-chi-manifesta-contro-olimpiadi-nemico-dell-italia-AI6VxTJB,"Meloni, chi manifesta contro le Olimpiadi è nemico dell’Italia"
Il Sole 24 Ore,domestic,,giorgia_meloni,https://en.ilsole24ore.com/art/meloni-anti-olympics-protesters-enemy-of-italia-AI6VxTJB,"Meloni, those who demonstrate against the Olympics are enemies of Italia"
Il Sole 24 Ore,domestic,,giorgia_meloni,https://www.ilsole24ore.com/art/il-consiglio-ministri-approva-decreto-ponte-AIE5OfGB,Dal Cdm sì al nuovo pacchetto sicurezza. Meloni: serve un approccio più duro
Il Sole 24 Ore,domestic,,giorgia_meloni,https://en.ilsole24ore.com/art/the-council-of-ministers-approves-bridging-decree-AIE5OfGB,From the Cdm yes to the new security package. Meloni: a tougher approach is needed
Il Sole 24 Ore,domestic,,giorgia_meloni,https://www.ilsole24ore.com/art/rimosso-l-affresco-meloni-basilica-san-lorenzo-lucina-parroco-venivano-qui-quello-AIdwx4EB,Rimosso l’affresco di Meloni nella Basilica di San Lorenzo in Lucina. Il parroco: «Venivano qui per 
Ilta-Sanomat,domestic,,alexander_stubb,https://www.is.fi/paakirjoitus/art-2000011794927.html,Pääkirjoitus: Presidentti Stubb veti selkeän hajuraon Trumpin Yhdysvaltoihin ja sen arvoihin
Ilta-Sanomat,domestic,,alexander_stubb,https://www.is.fi/politiikka/art-2000011795023.html,"Alexander Stubbilta suorat sanat USA:n muutoksesta: ""Se viesti, joka saadaan Trumpilta..."""
Ilta-Sanomat,domestic,,alexander_stubb,https://www.is.fi/politiikka/art-2000011792428.html,Analyysi: Stubb piti poikkeuksellisen puheen – vaiettuun kysymykseen annettiin suora vastaus
Ilta-Sanomat,domestic,,alexander_stubb,https://www.is.fi/politiikka/art-2000011793320.html,Stubb: ”Venäjällä ei ole kortteja” – yksi kysymys veti vakavaksi
Ilta-Sanomat,domestic,,alexander_stubb,https://www.is.fi/politiikka/art-2000011788323.html,Stubbit osallistuvat talviolympialaisten avajaisiin
Kancelaria Prezydenta,domestic,,karol_nawrocki,"https://www.prezydent.pl/kancelaria/aktywnosc-ministrow/rzecznik-prezydenta-podsumowal-pol-roku-prezydentury-karola-nawrockiego,114553",Rzecznik Prezydenta podsumował pół roku prezydentury Karola Nawrockiego \ Kancelaria \ Aktywność Min
Kancelaria Prezydenta,domestic,,karol_nawrocki,"https://www.prezydent.pl/aktualnosci/prawo-laski/2026/decyzje-prezydenta-rp-w-sprawie-prawa-laski,114327",Decyzje Prezydenta RP w sprawie prawa łaski \ Aktualności \ Prawo łaski \ Rok 2026
Kancelaria Prezydenta,domestic,,karol_nawrocki,"https://www.prezydent.pl/aktualnosci/wydarzenia/dwie-ustawy-z-podpisem-prezydenta-rp,114104",Dwie ustawy z podpisem Prezydenta RP \ Aktualności \ Wydarzenia
Kancelaria Prezydenta,domestic,,karol_nawrocki,"https://www.prezydent.pl/aktualnosci/wydarzenia/rada-bezpieczenstwa-narodowego-11-lutego,114347",Rada Bezpieczeństwa Narodowego zwołana na 11 lutego \ Aktualności \ Wydarzenia
Kancelaria Prezydenta,domestic,,karol_nawrocki,"https://www.prezydent.pl/aktualnosci/wizyty-zagraniczne/spotkanie-prezydenta-z-premier-wloch,114590",Spotkanie Prezydenta z Premier Włoch \ Aktualności \ Wizyty zagraniczne
Kancelaria Prezydenta,domestic,,karol_nawrocki,"https://www.prezydent.pl/aktualnosci/wydarzenia/rozmowa-telefoniczna-z-prezydentem-izraela,114364",Rozmowa telefoniczna z Prezydentem Izraela \ Aktualności \ Wydarzenia
Kancelaria Prezydenta,domestic,,karol_nawrocki,"https://www.prezydent.pl/kancelaria/aktywnosc-ministrow/szef-bpm-radio-wnet,114536","Szef BPM: Prezydent wyciągnął rękę do rządzących, by porozumieć się w sprawie nominacji ambasadorski"
Kancelaria Prezydenta,domestic,,karol_nawrocki,"https://www.prezydent.pl/aktualnosci/wydarzenia/prezydent-rp-spotkal-sie-z-przewodniczaca-krs-rzecznikiem-dyscyplinarnym,114100",Prezydent RP spotkał się z Przewodniczącą KRS oraz Rzecznikami Dyscyplinarnymi Sędziów Sądów Powszec
Kancelaria Prezydenta,domestic,,karol_nawrocki,"https://www.prezydent.pl/aktualnosci/wizyty-zagraniczne/udzial-prezydenta-rp-karola-nawrockiego-w-ceremonii-otwarcia-otwarcia-xxv-zimowych--igrzysk-olimpijskich-mediolan-cortin,114492",Udział Prezydenta RP Karola Nawrockiego w Ceremonii Otwarcia XXV Zimowych Igrzysk Olimpijskich Medio
Kancelaria Prezydenta,domestic,,karol_nawrocki,"https://t.prezydent.pl/aktualnosci/wizyty-zagraniczne/wizyta-prezydenta-rp-w-wiosce-olimpijskiej,114640",Wizyta Prezydenta RP w Wiosce Olimpijskiej
Kancelaria Prezydenta,domestic,,karol_nawrocki,"https://www.prezydent.pl/aktualnosci/wizyty-zagraniczne/ceremonia-otwarcia-xxv-zimowych-igrzysk-olimpijskich,114492",Ceremonia otwarcia XXV Zimowych Igrzysk Olimpijskich \ Aktualności \ Wizyty zagraniczne
Kauppalehti,domestic,,alexander_stubb,https://www.kauppalehti.fi/uutiset/a/ffe4ecb3-6ce2-4c71-9c57-b3746b4198ca,Stubbin puheessa kova lausunto Yhdysvaltojen hallinnon uudesta ideologiasta
LRT,domestic,,gitanas_nausėda,https://www.lrt.lt/en/news-in-english/19/2829305/lithuanian-european-council-presidents-discuss-eu-competitiveness-single-market,"Lithuanian, European Council presidents discuss EU competitiveness, single market"
LRT,domestic,,gitanas_nausėda,https://www.lrt.lt/en/news-in-english/19/2826089/lithuanian-president-says-there-are-risks-in-overly-close-ties-with-china,Lithuanian president says there are risks in ‘overly close’ ties with China
La Diaria,domestic,,yamandú_orsi,https://ladiaria.com.uy/articulo/2026/2/termino-la-mision-en-china/,Terminó la misión en China
La Diaria,domestic,,yamandú_orsi,https://ladiaria.com.uy/politica/articulo/2026/2/orsi-dijo-que-la-veintena-de-empresas-chinas-en-el-pais-representan-una-prueba-concreta-de-que-invertir-en-uruguay-es-una-decision-segura-y-rentable/,Orsi dijo que la veintena de empresas chinas en el país representan una “prueba concreta de que inve
La Diaria,domestic,,yamandú_orsi,https://ladiaria.com.uy/politica/articulo/2026/2/a-manini-rios-le-parece-relevante-el-llamado-de-orsi-a-una-mesa-de-dialogo-para-definir-posturas-en-materia-de-politica-exterior/,A Manini Ríos le parece “relevante” el llamado de Orsi a una mesa de diálogo para definir posturas e
La Diaria,domestic,,yamandú_orsi,https://ladiaria.com.uy/fotos/photo/20260205-orsi-2/,la diaria
La Diaria,domestic,,yamandú_orsi,https://ladiaria.com.uy/fotos/photo/20260205-pol-orsi-shangai/,la diaria
La Diaria,domestic,,yamandú_orsi,https://ladiaria.com.uy/fotos/photo/20260205-orsi/,la diaria
La Diaria,domestic,,yamandú_orsi,https://ladiaria.com.uy/fotos/photo/20260203-tapa/,la diaria
La Diaria,domestic,,yamandú_orsi,https://ladiaria.com.uy/fotos/photo/20260203-pol-orsi-china/,la diaria
La Diaria,domestic,,yamandú_orsi,https://ladiaria.com.uy/fotos/photo/20260204-pol-orsi-china-universidad/,la diaria
La Diaria,domestic,,yamandú_orsi,https://ladiaria.com.uy/politica/articulo/2026/2/orsi-recorrio-el-puerto-de-shanghai-y-se-reunio-con-autoridades-del-gobierno-de-la-ciudad/,Orsi recorrió el puerto de Shanghái y se reunió con autoridades del gobierno de la ciudad
La Diaria,domestic,,yamandú_orsi,https://ladiaria.com.uy/politica/articulo/2026/2/orsi-defendio-en-china-el-multilateralismo-frente-a-lo-que-definio-como-una-tormenta-feroz-en-la-geopolitica-internacional/,Yamandú Orsi en China: apuesta por cooperación y “orden internacional basado en reglas”
La Jornada,domestic,,claudia_sheinbaum,https://www.jornada.com.mx/2026/02/07/mundo/016n3mun,México enviará alimentos e insumos a más tardar el lunes: Sheinbaum
La Jornada,domestic,,claudia_sheinbaum,https://www.jornada.com.mx/2026/02/07/politica/004n1pol,“Malo sería que no hubiera dicho nada”
La Presse,domestic,,mark_carney,https://www.lapresse.ca/affaires/2026-02-05/strategie-pour-le-secteur-automobile/retour-des-rabais-federaux-a-l-achat-de-vehicules-electriques.php,Stratégie pour le secteur automobile | Retour des rabais fédéraux à l’achat de véhicules électriques
La Presse,domestic,,mark_carney,https://www.lapresse.ca/actualites/politique/2026-02-04/lutte-contre-l-islamophobie/ottawa-abolit-le-poste-d-amira-elghawaby-et-le-remplace-par-un-comite-consultatif.php,Lutte contre l’islamophobie | Ottawa abolit le poste d’Amira Elghawaby et le remplace par un comité 
La Repubblica,domestic,,giorgia_meloni,https://www.repubblica.it/politica/2026/02/06/news/decreto_sicurezza_meloni_contro_giudici-425141840/,"Via al decreto sicurezza. Meloni: ora saremo più duri, basta giudici doppiopesisti"
La Repubblica,domestic,,giorgia_meloni,https://www.repubblica.it/politica/2026/02/05/news/pacchetto_sicurezza_approvato_reazioni_lega_fdi_pd_m5s-425141235/,"Dl sicurezza approvato. Meloni: “Non capisco doppiopesismo magistratura"". Nordio: evitare ritorno Br"
La Repubblica,domestic,,giorgia_meloni,https://www.repubblica.it/politica/2026/02/04/news/meloni_affresco_angelo_oscurato_restauratore_valentinetti-425137900/,"Il restauratore cancella il volto dell’angelo Meloni: “Me l’ha detto il Vaticano, sì era la premier”"
La Repubblica,domestic,,giorgia_meloni,https://www.repubblica.it/politica/2026/02/07/news/meloni_vance_pranzo_kabul_board_olimpiadi-425144403/,"Meloni pranza con Vance, niente scuse su Kabul: si tratta ancora sul Board"
La Repubblica,domestic,,giorgia_meloni,https://www.repubblica.it/politica/2026/02/06/news/meloni_milano_cortina_olimpiadi_incontri_rubio_vance_al_thani-425142942/,"Meloni incontra Vance e Rubio dopo le tensioni con la Casa Bianca: ""Valori comuni tra Europa e Usa"""
La Repubblica,domestic,,giorgia_meloni,https://www.repubblica.it/esteri/2026/02/06/news/cena_olimpiadi_vance_tavolo_sala_oggi_incontro_meloni-425141856/,"La cena dei potenti, Vance scherza con Zaia: oggi incontrerà Meloni"
La Repubblica,domestic,,giorgia_meloni,https://www.repubblica.it/politica/2026/02/03/news/meloni_angelo_ritratto_vicariato-425134881/,Svolta della Santa sede: via da quell’affresco il volto di Meloni
La Repubblica,domestic,,giorgia_meloni,https://www.repubblica.it/politica/2026/02/06/news/decreto_sicurezza_cdm_piantedosi_nordio-425141834/,"Meloni lancia la sua campagna, è già derby a destra con la Lega"
La Repubblica,domestic,,giorgia_meloni,https://www.repubblica.it/politica/2026/02/06/news/arianna_meloni_elly_schlein_tolkien_signore_degli_anelli-425144067/,La frecciatina di Arianna Meloni a Schlein: “Vuole riprendersi Tolkien? Noi lo leggiamo da sempre”
La Stampa,domestic,,giorgia_meloni,https://www.lastampa.it/sport/speciali/olimpiadi-invernali-milano-cortina-2026/2026/02/06/video/milano_incontro_tra_giorgia_meloni_e_il_vicepresidente_usa_vance_la_diretta-15497378/,"Milano, incontro tra Giorgia Meloni e il vicepresidente Usa Vance. La diretta"
La Stampa,domestic,,giorgia_meloni,https://www.lastampa.it/cronaca/2026/02/07/diretta/scontri_milano-15499212/,Meloni: “Chi manifesta contro le Olimpiadi è nemico dell’Italia”
La Stampa,domestic,,giorgia_meloni,https://www.lastampa.it/politica/2026/02/06/news/meloni_pacchetto_sicurezza_askatasuna_giudici-15496715/,"Meloni: Aska, indignata coi giudici"
La Stampa,domestic,,giorgia_meloni,https://www.lastampa.it/torino/2026/02/07/news/askatasuna_scarcerazioni_magistrati_meloni-15498555/,"“Ridicoli solo tre arresti per gli scontri, da Meloni inammissibile invasione”"
La Stampa,domestic,,giorgia_meloni,https://www.lastampa.it/politica/2026/02/06/video/milano_meloni_incontra_vance_valori_comuni_tra_italia_e_america-15497433/,"Milano, Meloni incontra Vance: ""Valori comuni tra Italia e America"""
La Stampa,domestic,,giorgia_meloni,https://www.lastampa.it/politica/2026/02/06/news/meloni_vance_milano_incontro-15497427/,Meloni a Vance: “L’Occidente è alla base del futuro da costruire insieme”
La Stampa,domestic,,giorgia_meloni,https://www.lastampa.it/politica/2026/02/06/video/milano_cortina_meloni_visita_larea_della_stazione_di_rogoredo_e_i_militari_in_servizio-15497371/,"Milano Cortina, Meloni visita l'area della Stazione di Rogoredo e i militari in servizio"
La Stampa,domestic,,giorgia_meloni,https://www.lastampa.it/sport/speciali/olimpiadi-invernali-milano-cortina-2026/2026/02/06/video/olimpiadi_2026_a_palazzo_reale_mattarella_e_meloni_accolgono_i_leader_internazionali-15498020/,"Milano Cortina, a Palazzo Reale Mattarella e Meloni accolgono i leader internazionali"
La Stampa,domestic,,giorgia_meloni,https://www.lastampa.it/cuneo/2026/02/06/news/la_rivelazione_di_vance-15497646/,La rivelazione di Vance al pranzo con Meloni: “Innamorato del tartufo e dei vini di Alba”
La Stampa,domestic,,giorgia_meloni,https://www.lastampa.it/spettacoli/2026/02/08/news/pucci_contro_di_me_insulti_e_minacce_ecco_perche_rinuncio_a_sanremo-15499736/,Pucci rinuncia a Sanremo: “Contro di me insulti”. Meloni lo difende: “Deriva illiberale della sinist
La Stampa,domestic,,giorgia_meloni,https://www.lastampa.it/sport/speciali/olimpiadi-invernali-milano-cortina-2026/2026/02/06/news/meloni_pranzo_vance_consorte_fantasma_spouse-15497538/,"Alle Olimpiadi il giallo dello “SPOUSE”, spunta il consorte fantasma di Meloni al pranzo con Vance"
Le Monde,domestic,,emmanuel_macron,https://www.lemonde.fr/en/international/article/2026/02/05/macron-sends-his-diplomatic-adviser-to-moscow_6750175_4.html,Macron sends his diplomatic adviser to Moscow
Le Monde,domestic,,emmanuel_macron,https://www.lemonde.fr/en/france/article/2026/02/06/french-former-minster-jack-lang-summoned-to-explain-epstein-links_6750206_7.html,French former minster Jack Lang summoned to explain Epstein links
Les Échos,domestic,,emmanuel_macron,https://www.lesechos.fr/tech-medias/hightech/le-boom-des-data-centers-sauve-linvestissement-industriel-en-france-2214339,Le boom des data centers sauve l'investissement industriel en France
Les Échos,domestic,,emmanuel_macron,https://www.lesechos.fr/politique-societe/emmanuel-macron-president/sondage-exclusif-il-fait-entendre-la-voix-de-la-france-la-fermete-de-macron-face-a-trump-saluee-dans-lopinion-2214225,SONDAGE EXCLUSIF - « Il fait entendre la voix de la France » : la fermeté de Macron face à Trump sal
Les Échos,domestic,,emmanuel_macron,https://www.lesechos.fr/politique-societe/politique/lobservatoire-politique-elabe-les-echos-1017387,SONDAGE EXCLUSIF - Tous les résultats de l'Observatoire politique mensuel Elabe « Les Echos
Les Échos,domestic,,emmanuel_macron,https://www.lesechos.fr/politique-societe/politique/inedite-inflation-de-candidats-a-la-presidentielle-2027-2214280,Inédite inflation de candidats à la présidentielle 2027
Libération,domestic,,emmanuel_macron,https://www.liberation.fr/international/amerique/affaire-epstein-la-france-accuse-la-russie-davoir-voulu-relier-emmanuel-macron-au-scandale-20260206_ZRCOBC32T5ELFLLYIJBYU22XEY/,Affaire Epstein : la France accuse la Russie d’avoir voulu relier Emmanuel Macron au scandale
Libération,domestic,,emmanuel_macron,https://www.liberation.fr/societe/education/peut-etre-quil-faudra-interdire-apres-les-reseaux-sociaux-macron-sattaque-aux-jeux-video-20260206_IWZD3QVOIRBMJMI5LWL5OLKAG4/,"«Peut-être qu’il faudra interdire» : après les réseaux sociaux, Emmanuel Macron s’attaque aux jeux v"
Libération,domestic,,emmanuel_macron,https://www.liberation.fr/culture/les-jeux-video-meritent-un-meilleur-debat-que-les-cliches-demmanuel-macron-sur-leur-violence-20260206_P2DIW4Y7Y5GJJOA6LDNTP6Y34A/,Les jeux vidéo méritent un meilleur débat que les clichés d’Emmanuel Macron sur leur violence
Libération,domestic,,emmanuel_macron,https://www.liberation.fr/politique/tu-poses-ta-camera-mon-petit-lapin-lelysee-traite-toujours-aussi-bien-les-journalistes-20260206_77UOL3LGRFFDDPQCEKDMN3MBAY/,«Tu poses ta caméra mon petit lapin !» : l’Elysée traite toujours aussi bien les journalistes
Montevideo Portal,domestic,,yamandú_orsi,https://www.montevideo.com.uy/Noticias/-Erroneo-e-irresponsable--Taiwan-critico-a-Uruguay-por-declarar-que-es-parte-de-China-uc952243,“Erróneo” e “irresponsable”: Taiwán criticó a Uruguay por declarar que es parte de China
Montevideo Portal,domestic,,yamandú_orsi,https://www.montevideo.com.uy/Noticias/Uruguay-declaro-que-Taiwan-forma-parte-inalienable-de-China-y-desperto-criticas-uc951993,Uruguay declaró que Taiwán “forma parte inalienable” de China y despertó críticas
Montevideo Portal,domestic,,yamandú_orsi,https://www.montevideo.com.uy/Noticias/-Al-momento-es-un-escenario-de-esperanza--Orsi-planteo-el-ingreso-al-RCEP--que-es--uc952386,“Al momento es un escenario de esperanza”: Orsi planteó el ingreso al RCEP; ¿qué es?
Montevideo Portal,domestic,,yamandú_orsi,https://www.montevideo.com.uy/Noticias/Un-socio-clave-Orsi-presento-a-Uruguay-como-destino-estable-ante-170-empresarios-chinos-uc952266,Un socio clave: Orsi presentó a Uruguay como “destino estable” ante 170 empresarios chinos
Montevideo Portal,domestic,,yamandú_orsi,https://www.montevideo.com.uy/Noticias/El-presidente-Yamandu-Orsi-anoto-un-gol-a-un-nino-chino-e-ironizo--Se-lo-dejo-hacer--uc952111,El presidente Yamandú Orsi anotó un gol a un niño chino e ironizó: “Se lo dejó hacer”
Montevideo Portal,domestic,,yamandú_orsi,https://www.montevideo.com.uy/Noticias/Lubetkin-hablo-de-la-importancia-de-mas-de-30-acuerdos-que-el-gobierno-firmo-en-China-uc952351,Lubetkin habló de la importancia de “más de 30 acuerdos” que el gobierno firmó en China
Montevideo Portal,domestic,,yamandú_orsi,https://www.montevideo.com.uy/Noticias/Banda-de-jazz-con-record-Guinness-recibio-a-Orsi-tocando-La-Cumparsita-en-Shanghai-uc952224,Banda de jazz con récord Guinness recibió a Orsi tocando “La Cumparsita” en Shanghái
Montevideo Portal,domestic,,yamandú_orsi,https://www.montevideo.com.uy/Noticias/Viaje-de-Orsi-a-China-visito-un-puerto-automatizado-en-Shanghai-tras-la-estadia-en-Pekin-uc952142,Viaje de Orsi a China: visitó un puerto automatizado en Shanghái tras la estadía en Pekín
Montevideo Portal,domestic,,yamandú_orsi,https://www.montevideo.com.uy/Noticias/Una-estudiante-china-canto-una-cancion-de-Ana-Prada-e-hizo-emocionar-a-Orsi-mira-el-video-uc952096,Una estudiante china cantó una canción de Ana Prada e hizo emocionar a Orsi: mirá el video
Montevideo Portal,domestic,,yamandú_orsi,https://www.montevideo.com.uy/Noticias/Paraguayos-brasilenos-y-droga-el-plan-para-robar-un-banco-con-un-tunel-en-Ciudad-Vieja-uc951991,"Paraguayos, brasileños y droga: el plan para robar un banco con un túnel en Ciudad Vieja"
Montevideo Portal,domestic,,yamandú_orsi,https://www.montevideo.com.uy/Noticias/Reunion-entre-Orsi-y-Xi-Jinping-cuales-fueron-los-11-acuerdos-firmados-tras-el-encuentro-uc951916,Reunión entre Orsi y Xi Jinping: cuáles fueron los 11 acuerdos firmados tras el encuentro
National Post,domestic,,mark_carney,https://nationalpost.com/news/world/carney-to-drop-electric-vehicle-mandate,Carney set to drop electric vehicle mandate for new fuel-efficiency standards
National Post,domestic,,mark_carney,https://nationalpost.com/news/canada/canada-special-envoys-antisemitism-islamophobia-advisory-council,"Canada will not get new special envoys for combatting antisemitism, Islamophobia. Instead, feds anno"
National Post,domestic,,mark_carney,https://nationalpost.com/video/395ef87c-029e-11f1-8826-82feabb332da/carney-marks-30th-black-history-month-in-canada-acknowledging-history-of-injustice,Carney marks 30th Black History Month in Canada acknowledging history of injustice
NewsMaker,domestic,,maia_sandu,https://newsmaker.md/ro/in-sala-erau-fostul-actualul-si-viitorul-presedinte-al-moldovei-usatii-despre-reactia-sa-la-discursul-maiei-sandu-la-apce,"„În sală erau fostul, actualul și viitorul președinte al Moldovei”. Usatîi, despre reacția sa la dis"
NewsMaker,domestic,,maia_sandu,https://newsmaker.md/ro/sandu-despre-propunerea-de-a-fi-nominalizata-la-nobel-ucrainenii-care-au-revenit-acasa-din-rusia-merita-premiul-pacii,"Sandu, despre propunerea de a fi nominalizată la Nobel: „Ucrainenii care au revenit acasă din Rusia "
NewsMaker,domestic,,maia_sandu,https://newsmaker.md/ro/maia-sandu-propusa-pentru-nominalizare-la-premiul-nobel-pentru-pace-s-a-aflat-in-prima-linie-a-apararii-democratiei-in-europa,"Maia Sandu, propusă pentru nominalizare la Premiul Nobel pentru Pace: „S-a aflat în prima linie a ap"
NewsMaker,domestic,,maia_sandu,https://newsmaker.md/ro/video-sandu-va-fi-nominalizata-la-premiul-nobel-ceban-gata-sa-se-vada-cu-dracul-chisinaul-blocat-3-zile,"(VIDEO) Sandu va fi nominalizată la Premiul Nobel?/Ceban, gata să se vadă cu dracul/Chișinăul, bloca"
NewsMaker,domestic,,maia_sandu,https://newsmaker.md/ro/ce-mare-noroc-ar-avea-cele-doua-maluri-ale-prutului-reactii-dupa-ce-maia-sandu-a-fost-propusa-pentru-nominalizare-la-premiul-nobel-pentru-pace,"„Ce mare noroc ar avea cele două maluri ale Prutului”: Reacții, după ce Maia Sandu a fost propusă pe"
NewsMaker,domestic,,maia_sandu,https://newsmaker.md/ro/nm-espresso-maia-sandu-a-fost-propusa-pentru-premiul-nobel-dodon-a-inceput-o-campanie-impotriva-unirii-ceban-este-gata-de-o-intalnire-cu-diavolul,"NM Espresso: Maia Sandu a fost propusă pentru Premiul Nobel, Dodon a început o campanie împotriva un"
NewsMaker,domestic,,maia_sandu,https://newsmaker.md/ro/pentru-ce-merite-dodon-a-comentat-nominalizarea-maiei-sandu-la-premiul-nobel-pentru-pace,„Pentru ce merite?”: Dodon a comentat nominalizarea Maiei Sandu la Premiul Nobel pentru Pace
Office of the President,domestic,,alexander_stubb,https://www.presidentti.fi/en/president-stubb-to-visit-kouvola/,President Stubb to visit Kouvola
Office of the President,domestic,,gitanas_nausėda,https://lrp.lt/en/news/gitanas-nauseda-discussed-strengthening-eu-competitiveness-with-the-president-of-the-european-council/46862,Gitanas Nausėda discussed strengthening EU competitiveness with the President of the European Counci
Office of the President,domestic,,gitanas_nausėda,https://lrp.lt/fr/actualites/le-president-et-le-president-du-conseil-europeen-ont-discute-du-renforcement-de-la-competitivite-de-lue/46860,Le Président et le président du Conseil européen ont discuté du renforcement de la compétitivité de 
Office of the President,domestic,,volodymyr_zelenskyy,https://www.president.gov.ua/en/news/all?date-from=05-02-2025&date-to=05-02-2026&page=2,All news — Official web site of the President of Ukraine
Office of the President,domestic,,volodymyr_zelenskyy,https://www.president.gov.ua/en/news/prezident-vidznachiv-ordenami-za-muzhnist-voyina-vladislava-102685,President Honored Warrior Vladyslav Rozhkovskyi and War Correspondent Maryan Kushnir with Orders “Fo
Office of the President,domestic,,volodymyr_zelenskyy,https://www.president.gov.ua/en/news/prezident-ukrayini-ta-premyer-ministr-polshi-vshanuvali-pamy-102717,The President of Ukraine and the Prime Minister of Poland Honored the Memory of Fallen Ukrainian War
Office of the President,domestic,,volodymyr_zelenskyy,https://www.president.gov.ua/en/news/ukrayina-zaprovadila-sankciyi-proti-osib-i-kompanij-yaki-pri-102769,Ukraine Imposed Sanctions on Individuals and Companies Involved in Russia’s Military-Industrial Comp
Office of the President,domestic,,volodymyr_zelenskyy,https://www.president.gov.ua/en/news/ukrayina-sinhronizuvala-sankciyi-velikoyi-britaniyi-shodo-ko-102677,"Ukraine Synchronized the UK Sanctions Against Former Oligarch Firtash and His Close Associates, and "
Office of the President,domestic,,volodymyr_zelenskyy,https://www.president.gov.ua/en/news/prezident-obgovoriv-z-ministrom-zakordonnih-sprav-estoniyi-d-102745,The President and the Minister of Foreign Affairs of Estonia Discussed Additional Contributions to t
Office of the President,domestic,,volodymyr_zelenskyy,https://www.president.gov.ua/en/news/prezident-prisvoyiv-derzhavnomu-universitetu-kiyivskij-aviac-102757,The President Granted National Status to the State University “Kyiv Aviation Institute” and Met with
Office of the Prime Minister,domestic,,mark_carney,https://www.pm.gc.ca/en/news/readouts/2026/02/02/prime-minister-carney-speaks-prime-minister-denmark-mette-frederiksen,Prime Minister Carney speaks with Prime Minister of Denmark Mette Frederiksen
Office of the Prime Minister,domestic,,mark_carney,https://www.pm.gc.ca/en,Right Honourable Mark Carney
Onet,domestic,,donald_tusk,"https://www.onet.pl/informacje/onetwiadomosci/prof-dudek-krytycznie-o-pomysle-donalda-tuska-chodzi-o-afere-epsteina/plf19se,79cfc278","Tusk powołał specjalny zespół w sprawie afery Epsteina. Prof. Dudek z niego drwi. ""Pięciorzędne"""
Onet,domestic,,donald_tusk,https://wiadomosci.onet.pl/kraj/prokuratorzy-zaskoczeni-ruchem-premiera-w-sprawie-epsteina-mozliwe-ze-powstana-dwa/clchzse,"Donald Tusk zaskoczył ruchem w sprawie afery Epsteina. ""Uderzanie w Trumpa to cios w PiS"""
Onet,domestic,,donald_tusk,"https://www.onet.pl/informacje/onetwiadomosci/polska-w-radzie-pokoju-prezydencki-minister-ma-pytanie-do-rzadu/r7djthv,79cfc278","Człowiek prezydenta z ważnym pytaniem do rządu. ""Trzeba to zakomunikować"""
Onet,domestic,,donald_tusk,https://wiadomosci.onet.pl/kraj/usa-zrywaja-kontakty-z-wlodzimierzem-czarzastym-donald-tusk-zabral-glos/ms5zpnj,USA zrywają kontakty z Włodzimierzem Czarzastym. Donald Tusk zabrał głos
Onet,domestic,,donald_tusk,"https://www.onet.pl/informacje/onetwiadomosci/stan-wyjatkowy-czarzasty-na-wojnie-z-nawrockim-trump-chce-rozbic-koalicje/q316gl0,79cfc278","""Stan Wyjątkowy"". Czarzasty na wojnie z Nawrockim. Trump chce rozbić koalicję"
Onet,domestic,,donald_tusk,https://wiadomosci.onet.pl/trojmiasto/donald-tusk-dotrzymal-slowa-danego-mlodym-pilkarzom-dzielimy-poki-jest-cieple/9ev9m31,"Donald Tusk dotrzymał słowa danego młodym piłkarzom. ""Dzielimy, póki jest ciepłe"""
Onet,domestic,,donald_tusk,https://wiadomosci.onet.pl/swiat/donald-tusk-rozpoczal-wizyte-w-kijowie-towarzyszy-mu-minister-finansow/9ssp1bl,Donald Tusk przybył do Kijowa. Spotkał się z Wołodymyrem Zełenskim
Onet,domestic,,donald_tusk,https://wiadomosci.onet.pl/swiat/spotkanie-premierow-polski-i-ukrainy-kluczowym-punktem-kontynuacja-pomocy/5yksyf6,"Spotkanie premierów Polski i Ukrainy. ""Kluczowym punktem kontynuacja pomocy"""
Onet,domestic,,karol_nawrocki,https://wiadomosci.onet.pl/kraj/reporter-tvn-u-zapytal-nawrockiego-o-pol-roku-prezydentury-tak-odpowiedzial/mhqj5gc,Dziennikarz TVN24 spotkał Karola Nawrockiego w wiosce olimpijskiej. O to go zapytał
Onet,domestic,,karol_nawrocki,https://przegladsportowy.onet.pl/igrzyska-olimpijskie/tylko-spojrzcie-co-zalozyl-na-siebie-karol-nawrocki-podczas-igrzysk/h8h685m,"Tylko spójrzcie, co założył na siebie Karol Nawrocki podczas igrzysk"
Onet,domestic,,karol_nawrocki,"https://www.onet.pl/informacje/onetwiadomosci/stan-wyjatkowy-czarzasty-na-wojnie-z-nawrockim-trump-chce-rozbic-koalicje/q316gl0,79cfc278","""Stan Wyjątkowy"". Czarzasty na wojnie z Nawrockim. Trump chce rozbić koalicję"
Onet,domestic,,karol_nawrocki,https://przegladsportowy.onet.pl/igrzyska-olimpijskie/tak-karol-nawrocki-zareagowal-na-zachowanie-wlochow-wprost/9bq1mhw,Tak Karol Nawrocki zareagował na zachowanie Włochów. Wprost
Onet,domestic,,karol_nawrocki,"https://www.onet.pl/styl-zycia/plejada/karol-nawrocki-zobaczyl-to-na-igrzyskach-w-mediolanie-do-sieci-trafilo-zdjecie/499rccy,0898b825",Karol Nawrocki zobaczył to na igrzyskach. Do sieci trafiło zdjęcie
Onet,domestic,,karol_nawrocki,"https://www.onet.pl/styl-zycia/plejada/karol-nawrocki-z-synem-na-igrzyskach-w-mediolanie-ich-reakcje-uchwycily-kamery/v027vbc,0898b825",Karol Nawrocki z synem na igrzyskach w Mediolanie. Ich reakcje uchwyciły kamery
Onet,domestic,,karol_nawrocki,"https://www.onet.pl/informacje/onetwiadomosci/jd-vance-wygwizdany-na-san-siro-tak-zareagowal-karol-nawrocki/5td9y50,79cfc278",Wiceprezydent USA wygwizdany na San Siro. Tak zareagował Karol Nawrocki
Onet,domestic,,karol_nawrocki,https://przegladsportowy.onet.pl/igrzyska-olimpijskie/polacy-na-to-czekali-oto-co-zrobil-karol-nawrocki-pojawil-sie-pilny-wpis/pcmepry,Polacy na to czekali! Oto co zrobił Karol Nawrocki. Pojawił się pilny wpis
Onet,domestic,,karol_nawrocki,https://przegladsportowy.onet.pl/igrzyska-olimpijskie/tvp-pominela-nawrockiego-podczas-otwarcia-igrzysk-dyrektor-reaguje/c3wtbs3,TVP pominęła Nawrockiego podczas otwarcia igrzysk. Dyrektor reaguje
Onet,domestic,,karol_nawrocki,https://przegladsportowy.onet.pl/igrzyska-olimpijskie/tak-karol-nawrocki-zareagowal-na-widok-polakow-na-otwarcie-io-jest-nagranie/fxnlv8z,Tak Karol Nawrocki zareagował na widok Polaków na otwarcie IO! Jest nagranie
Onet,domestic,,karol_nawrocki,https://przegladsportowy.onet.pl/igrzyska-olimpijskie/taki-transparent-pojawil-sie-na-igrzyskach-na-oczach-karola-nawrockiego/syjedz8,Karol Nawrocki we Włoszech. Oto co wywiesil Polacy
Onet,domestic,,karol_nawrocki,https://przegladsportowy.onet.pl/igrzyska-olimpijskie/oto-z-kim-spotkal-sie-karol-nawrocki-polska-wchodzi-do-gry-o-igrzyska/f27w0bw,Oto z kim spotkał się Karol Nawrocki. Polska wchodzi do gry o igrzyska
Onet,domestic,,karol_nawrocki,"https://www.onet.pl/styl-zycia/plejada/marta-nawrocka-od-pol-roku-jest-pierwsza-dama-ekspertka-porownuje-ja-do-melanii-trump/yq8njjd,0898b825",Pół roku Marty Nawrockiej w roli pierwszej damy. Ekspertka porównuje ją do Melanii Trump
Onet,domestic,,karol_nawrocki,"https://www.onet.pl/styl-zycia/plejada/dorota-zawadzka-ocenila-prezydenture-karola-nawrockiego-wspomniala-o-rekordzie/dyrmtse,0898b825",Dorota Zawadzka podsumowuje pół roku prezydentury Karola Nawrockiego. Wspomniała o rekordzie
PAP,domestic,,karol_nawrocki,https://www.pap.pl/aktualnosci/polish-president-calls-top-level-security-meeting,Polish president calls top-level security meeting
PAP,domestic,,karol_nawrocki,https://www.pap.pl/aktualnosci/prezydent-zwoluje-rade-bezpieczenstwa-narodowego-1,Prezydent zwołuje Radę Bezpieczeństwa Narodowego. Omówione zostaną trzy tematy
PAP,domestic,,karol_nawrocki,https://www.pap.pl/aktualnosci/w-piatek-w-mediolanie-prezydent-rp-spotka-sie-z-giorgia-meloni,W piątek w Mediolanie prezydent RP spotka się z Giorgią Meloni
PAP,domestic,,karol_nawrocki,https://www.pap.pl/aktualnosci/prezydenci-polski-i-izraela-rozmawiali-o-bezpieczenstwie-i-relacjach-dwustronnych-0,Prezydenci Polski i Izraela rozmawiali o bezpieczeństwie i relacjach dwustronnych
PAP,domestic,,karol_nawrocki,https://www.pap.pl/aktualnosci/prezydent-ulaskawil-trzy-osoby-nie-zastosowal-prawa-laski-wobec-pieciu-osob,Prezydent ułaskawił trzy osoby. Nie zastosował prawa łaski wobec pięciu osób
PAP,domestic,,karol_nawrocki,https://www.pap.pl/aktualnosci/paszteciki,Tag: paszteciki
PAP,domestic,,karol_nawrocki,https://www.pap.pl/aktualnosci/olena-pech,Tag: Ołena Pech
Planalto,domestic,,lula_da_silva,https://www.gov.br/planalto/pt-br/acompanhe-o-planalto/central-de-conteudo/textos/pacto-brasil-entre-os-tres-poderes-para-enfrentamento-do-feminicidio,Pacto Brasil entre os Três Poderes para Enfrentamento do Feminicídio — Planalto
Planalto,domestic,,lula_da_silva,https://www.gov.br/planalto/en/follow-the-government/speeches-statements/2026/speech-by-president-lula-at-the-launch-of-the-national-pact-brazil-against-femicide,Speech by President Lula at the launch of the National Pact: Brazil Against Femicide — Planalto
Planalto,domestic,,lula_da_silva,https://www.gov.br/planalto/pt-br/acompanhe-o-planalto/discursos-e-pronunciamentos/discurso-do-presidente-lula-no-lancamento-do-pacto-brasil-de-enfrentamento-ao-feminicidio,Discurso do presidente Lula no lançamento do Pacto Brasil de Enfrentamento ao Feminicídio
Planalto,domestic,,lula_da_silva,https://www.gov.br/mdic/pt-br/assuntos/noticias/2026/fevereiro/governo-vai-trabalhar-com-o-congresso-para-a-votacao-celere-do-acordo-mercosul-ue,Alckmin: governo vai trabalhar com o Congresso para a votação célere do acordo Mercosul-UE
Planalto,domestic,,lula_da_silva,https://www.gov.br/planalto/en/follow-the-government/speeches-statements/2026,2026 — Planalto
Planalto,domestic,,lula_da_silva,https://www.gov.br/planalto/pt-br/acompanhe-o-planalto/noticias/2026/02/lula-em-mensagem-ao-congresso-201cvamos-continuar-trabalhando-juntos-e-juntas-para-que-o-ano-de-2026-seja-ainda-melhor201d,Lula em Mensagem ao Congresso: “Vamos continuar trabalhando juntos e juntas para que o ano de 2026 s
Planalto,domestic,,lula_da_silva,http://www.ba.gov.br/comunicacao/pauta/aviso-de-pauta-nesta-sexta-6-presidente-lula-e-governador-jeronimo-entregam-ambulancias-do,"Aviso de pauta | Nesta sexta (6), presidente Lula e governador Jerônimo entregam ambulâncias do SAMU"
Planalto,domestic,,lula_da_silva,https://www.alagoinhas.ba.gov.br/index.php/alagoinhas-e-contemplada-com-odontomovel-do-novo-pac-saude/,Alagoinhas é contemplada com odontomóvel do Novo PAC Saúde
Planalto,domestic,,lula_da_silva,https://www.gov.br/mre/pt-br/canais_atendimento/imprensa/aviso-as-redacoes/briefing-sobre-as-visitas-do-presidente-luiz-inacio-lula-da-silva-a-india-e-a-coreia-do-sul-18-a-24-de-fevereiro-de-2026,Briefing sobre as visitas do Presidente Luiz Inácio Lula da Silva à Índia e à Coreia do Sul (18 a 24
Postimees,domestic,,kristen_michal,https://www.postimees.ee/8410382/kristen-michal-presidendi-sonad-olid-ebaonnestunud-kurb-et-ma-pean-neid-kommenteerima,"Kristen Michal: presidendi sõnad olid ebaõnnestunud, kurb, et ma pean neid kommenteerima"
Postimees,domestic,,kristen_michal,https://www.postimees.ee/8410314/video-valitsuse-pressikonverentsil-andsid-aru-michal-kallas-keldo-ja-pakosta,"VIDEO ⟩ Valitsuse pressikonverentsil andsid aru Michal, Kallas, Keldo ja Pakosta"
Postimees,domestic,,kristen_michal,https://tv.postimees.ee/8303693/otse-postimehest-kristen-michal-valitsust-ei-pea-armastama-aga-oma-riiki-voiks,"OTSE POSTIMEHEST ⟩ Kristen Michal: valitsust ei pea armastama, aga oma riiki võiks"
Președintele Republicii Moldova,domestic,,maia_sandu,https://presedinte.md/rom/presa/presedinta-maia-sandu-l-a-primit-pe-ministrul-afacerilor-externe-al-lituaniei-kstutis-budrys,"Președinta Maia Sandu l-a primit pe Ministrul Afacerilor Externe al Lituaniei, Kęstutis Budrys"
Reuters,wire,,claudia_sheinbaum,https://www.reuters.com/world/americas/mexicos-sheinbaum-aims-send-humanitarian-aid-cuba-by-monday-2026-02-06/,Mexico's Sheinbaum aims to send humanitarian aid to Cuba by Monday
Reuters,wire,,claudia_sheinbaum,https://www.reuters.com/fact-check/espanol/KURQKGLBVNKIDAL5L62IRX2F74-2026-02-02/,"Verificación: Video antiguo muestra protesta en Los Ángeles, no bienvenida a Sheinbaum en EEUU"
Reuters,wire,,donald_tusk,https://www.reuters.com/world/poland-probe-possible-links-between-epstein-russia-pm-tusk-says-2026-02-03/,"Poland to probe possible links between Epstein and Russia, PM Tusk says"
Reuters,wire,,donald_tusk,https://www.reuters.com/world/poland-preparing-56-million-aid-package-ukraine-says-tusk-2026-02-05/,"Poland preparing $56 million aid package for Ukraine, says Tusk"
Reuters,wire,,donald_tusk,https://www.reuters.com/business/aerospace-defense/ukraine-imposes-sanctions-foreign-suppliers-components-russian-missiles-2026-02-08/,Ukraine imposes sanctions on foreign suppliers of components for Russian missiles
Reuters,wire,,emmanuel_macron,https://www.reuters.com/world/europe/pro-russia-disinformation-falsely-links-macron-epstein-french-government-source-2026-02-06/,"Pro-Russia disinformation falsely links Macron to Epstein, French government source says"
Reuters,wire,,emmanuel_macron,https://www.reuters.com/world/middle-east/france-bahrain-sign-bilateral-deal-defence-2026-02-06/,France and Bahrain sign bilateral deal on defence
Reuters,wire,,emmanuel_macron,https://www.reuters.com/world/french-presidents-top-diplomat-held-talks-moscow-tuesday-sources-say-2026-02-04/,"French president's top diplomat held talks in Moscow on Tuesday, sources say"
Reuters,wire,,friedrich_merz,https://www.reuters.com/world/middle-east/germanys-merz-shares-concerns-over-iran-escalation-gulf-trip-2026-02-05/,Germany's Merz promises arms cooperation as he seeks more Qatari energy
Reuters,wire,,friedrich_merz,https://www.reuters.com/sitemap/2026-02/05/6/,Articles sitemap of 2026-02-05
Reuters,wire,,friedrich_merz,https://www.reuters.com/business/finance/germanys-merz-heads-saudi-gulf-quest-new-partners-2026-02-04/,"Germany's Merz heads to Saudi, Gulf in quest for new partners"
Reuters,wire,,friedrich_merz,https://www.reuters.com/sitemap/2026-02/04/9/,Articles sitemap of 2026-02-04
Reuters,wire,,friedrich_merz,https://www.reuters.com/video/watch/idRW205002022026RP1/,Germany's Merz says transatlantic relationship has changed
Reuters,wire,,friedrich_merz,https://www.reuters.com/world/germanys-merz-says-eu-willing-talk-russia-will-not-hold-parallel-talks-2026-02-06/,"Germany's Merz says EU willing to talk to Russia, but will not hold 'parallel' talks"
Reuters,wire,,friedrich_merz,https://www.reuters.com/business/media-telecom/germanys-cdu-weighs-social-media-age-curbs-under-16s-2026-02-06/,Germany's CDU weighs social media ban for under-16s
Reuters,wire,,friedrich_merz,https://www.reuters.com/world/germanys-merz-visit-washington-march-die-welt-reports-2026-02-06/,"Germany's Merz to visit Washington in March, Die Welt reports"
Reuters,wire,,giorgia_meloni,https://www.reuters.com/sports/meloni-condemns-enemies-italy-after-clashes-olympics-host-city-milan-2026-02-08/,Meloni and IOC condemn clashes in Olympics host Milan after protest
Reuters,wire,,giorgia_meloni,https://www.reuters.com/world/angel-meloni-scrubbed-off-rome-church-painting-priests-orders-2026-02-04/,'Angel Meloni' scrubbed off Rome church painting on priest's orders
Reuters,wire,,giorgia_meloni,https://www.reuters.com/world/italys-meloni-plays-down-ice-agent-furore-she-meets-vance-2026-02-06/,Italy's Meloni plays down ICE agent furore as she meets Vance
Reuters,wire,,keir_starmer,https://www.reuters.com/world/europe/once-feted-mandelson-becomes-nightmare-weakened-uk-pm-starmer-2026-02-05/,Once feted Mandelson becomes nightmare for weakened UK PM Starmer
Reuters,wire,,keir_starmer,https://www.reuters.com/world/uk/uks-starmer-apologises-epstein-victims-appointing-mandelson-2026-02-05/,"UK's Starmer apologises to Epstein victims over Mandelson, but comes out fighting"
Reuters,wire,,keir_starmer,https://www.reuters.com/world/uk/uks-starmer-says-mandelson-repeatedly-lied-about-epstein-regrets-appointing-him-2026-02-04/,"UK's Starmer expresses regret over Mandelson, says ex-ambassador 'lied repeatedly'"
Reuters,wire,,keir_starmer,https://www.reuters.com/world/europe/uks-starmer-discussed-ukraine-call-with-trump-british-government-says-2026-02-03/,"UK, US agree Chagos air base is of strategic importance after Trump criticism of deal"
Reuters,wire,,keir_starmer,https://www.reuters.com/world/uk/pressure-grows-british-prime-minister-starmer-over-mandelson-fallout-2026-02-08/,Pressure grows on British Prime Minister Starmer over Mandelson fallout
Reuters,wire,,keir_starmer,https://www.reuters.com/world/uk/uk-borrowing-costs-rise-concerns-about-starmers-future-mount-2026-02-05/,UK borrowing costs rise as concerns about Starmer's future mount
Reuters,wire,,lula_da_silva,https://www.reuters.com/world/americas/brazils-debt-stabilization-hinges-monetary-policy-says-central-bank-contender-2026-02-06/,"Brazil's debt stabilization hinges on monetary policy, says central bank contender"
Reuters,wire,,lula_da_silva,https://www.reuters.com/world/americas/brazil-central-bank-signals-rate-cut-cycle-vows-keep-policy-tight-2026-02-03/,Brazil central bank signals rate-cut cycle but vows to keep policy tight
Reuters,wire,,lula_da_silva,https://www.reuters.com/world/brazil/,Brazil News | Today's Latest Stories
Reuters,wire,,lula_da_silva,https://www.reuters.com/fact-check/portugues/44B2XFPJZZJKXKGP6X662JFJFU-2026-02-04/,Checagem de fatos: CNN Brasil não “desmentiu” dados de emprego citados por Lula no Panamá
Reuters,wire,,lula_da_silva,https://www.reuters.com/sitemap/2026-02/06/30/,Articles sitemap of 2026-02-06
Reuters,wire,,lula_da_silva,https://www.reuters.com/sitemap/2026-02/03/2/,Articles sitemap of 2026-02-03
Reuters,wire,,lula_da_silva,https://www.reuters.com/fact-check/portugues/LOL7DC2K6VIFLPF2RZWGRRBCJY-2026-02-06/,Checagem de fatos: Vídeo de Bolsonaro chorando não tem relação com resultado das eleições
Reuters,wire,,lula_da_silva,https://www.reuters.com/business/energy/brazils-petrobras-buys-stake-namibia-offshore-oil-exploration-block-2026-02-06/,Brazil's Petrobras buys stake in Namibia offshore oil exploration block
Reuters,wire,,lula_da_silva,https://www.reuters.com/world/americas/brazils-lula-likely-visit-washington-early-march-2026-02-05/,Brazil's Lula likely to visit Washington in early March
Reuters,wire,,lula_da_silva,https://www.reuters.com/world/americas/lula-inclined-back-haddad-nominees-brazil-central-bank-sources-say-2026-02-03/,"Lula inclined to back Haddad nominees for Brazil central bank, sources say"
Reuters,wire,,lula_da_silva,https://www.reuters.com/fact-check/portugues/A3HJ76P4CNN3PFVHZEN6DHNY24-2026-02-03/,Checagem de fatos: Vídeo em que Lula promete punir agressores do cão Orelha é montagem
Reuters,wire,,mark_carney,https://www.reuters.com/sustainability/climate-energy/another-climate-retreat-canada-scraps-ev-sales-mandate-2026-02-05/,"In another climate retreat, Canada scraps EV sales mandate"
Reuters,wire,,mark_carney,https://www.reuters.com/legal/litigation/canada-rolls-back-ev-regulations-boosts-incentives-2026-02-05/,Canada rolls back EV regulations but boosts incentives
Reuters,wire,,mark_carney,https://www.reuters.com/video/watch/idRW312005022026RP1/,Canada drops EV sales quota amid auto industry pressure
Reuters,wire,,mark_carney,https://www.reuters.com/video/sustainable-business/,Canada drops EV sales quota amid auto industry pressure
Reuters,wire,,mark_carney,https://www.reuters.com/world/americas/canadas-carney-wins-admiration-globally-struggles-to-lower-food-costs-home-2026-02-05/,Canada's Carney wins admiration globally but struggles to lower food costs at home
Reuters,wire,,mark_carney,https://www.reuters.com/pictures/pictures-day-february-4-2026-2026-02-04/GEEQIEFGF5NMZEIIMKTYZEMM2E/,"Pictures of the Day | February 4, 2026"
Reuters,wire,,mark_carney,https://www.reuters.com/sustainability/sustainable-finance-reporting/can-carneys-example-prod-corporates-talk-about-climate-action-again--ecmii-2026-02-02/,Can Carney’s example prod corporates to talk about climate action again?
Reuters,wire,,volodymyr_zelenskyy,https://www.reuters.com/video/watch/idRW251104022026RP1/,"Zelenskiy: Russia has broken ceasefire, snubbed US"
Reuters,wire,,volodymyr_zelenskyy,https://www.reuters.com/video/watch/idRW357507022026RP1/,"US wants Russia and Ukraine to end war by summer, Zelenskiy says"
Reuters,wire,,yamandú_orsi,https://www.reuters.com/world/china/chinas-xi-calls-equal-multipolar-world-he-meets-uruguay-leader-2026-02-03/,"China's Xi calls for 'equal, multipolar world' as he meets Uruguay leader"
Rzeczpospolita,domestic,,donald_tusk,https://www.rp.pl/komentarze/art43750491-artur-bartkiewicz-jeffrey-epstein-i-rbn-o-wlodzimierzu-czarzastym-czyli-gra-w-skojarzenia,"Dlaczego rząd zajmie się aktami Epsteina, a Rada Bezpieczeństwa Narodowego Czarzastym?"
Rzeczpospolita,domestic,,donald_tusk,https://www.rp.pl/polityka/art43745271-tusk-powolal-specjalny-zespol-chodzi-o-skandal-zwiazany-z-pedofilia-w-usa,Rozpocznie się śledztwo ws. skandalu związanego z pedofilią w USA? Jest komentarz Tuska
Rzeczpospolita,domestic,,donald_tusk,https://www.rp.pl/komentarze/art43747611-hubert-salik-dwa-warianty-zmiany-rzadu-kazdy-jest-zly,"A co, jeśli politycy PiS okłamują Władysława Kosiniaka-Kamysza?"
Rzeczpospolita,domestic,,donald_tusk,https://www.rp.pl/polityka/art43763051-donald-trump-oferowal-miliardy-za-nazwanie-lotniska-jego-imieniem,"Niezwykła propozycja Trumpa: Odblokuję miliardy, jeśli nazwiecie na moją cześć lotnisko"
Rzeczpospolita,domestic,,donald_tusk,https://www.rp.pl/polityka/art43769051-sondaz-fotel-wicepremiera-dla-katarzyny-pelczynskiej-nalecz-znamy-zdanie-polakow,Nie ma entuzjazmu. Sondaż o stanowisku wicepremiera dla liderki Polski 2050
Rzeczpospolita,domestic,,karol_nawrocki,https://www.rp.pl/komentarze/art43751191-zuzanna-dabrowska-ustawka-na-rbn-oplaci-sie-i-karolowi-nawrockiemu-i-wlodzimierzowi-czarzastemu,"Włodzimierz Czarzasty, czyli wisienka na torcie Karola Nawrockiego"
Rzeczpospolita,domestic,,karol_nawrocki,https://www.rp.pl/komentarze/art43757711-michal-szuldrzynski-rozmienianie-rbn-na-drobne-duzy-blad-karola-nawrockiego,Duży błąd Karola Nawrockiego. Chodzi o Radę Bezpieczeństwa Narodowego
Rzeczpospolita,domestic,,karol_nawrocki,https://www.rp.pl/wojsko/art43756501-gen-roman-polko-nie-szanuje-prezydenta-trumpa-ktory-obraza-polskich-i-natowskich-weteranow,Gen. Roman Polko: Karol Nawrocki ma obowiązek być „murem za mundurem”
Rzeczpospolita,domestic,,karol_nawrocki,https://www.rp.pl/komentarze/art43750491-artur-bartkiewicz-jeffrey-epstein-i-rbn-o-wlodzimierzu-czarzastym-czyli-gra-w-skojarzenia,"Dlaczego rząd zajmie się aktami Epsteina, a Rada Bezpieczeństwa Narodowego Czarzastym?"
STT,domestic,,alexander_stubb,https://www.sttinfo.fi/tiedote/71788212/presidentti-stubb-vierailee-kouvolassa?publisherId=3981&lang=fi,Presidentti Stubb vierailee Kouvolassa
STT,domestic,,alexander_stubb,https://www.sttinfo.fi/tiedote/71788212/president-stubb-to-visit-kouvola?publisherId=3981&lang=en,President Stubb to visit Kouvola
STT,domestic,,alexander_stubb,https://www.sttinfo.fi/tiedote/71780085/presidenttipari-milano-cortina-talviolympialaisten-2026-avajaisiin?publisherId=3981&lang=fi,Presidenttipari Milano–Cortina-talviolympialaisten 2026 avajaisiin
The Guardian,domestic,,keir_starmer,https://www.theguardian.com/politics/live/2026/feb/07/keir-starmer-labour-leader-peter-mandelson-latest-news-uk-politics-updates-epstein,"Starmer leadership speculation ‘serious’ but task ahead ‘very clear’, says Brown – as it happened"
The Guardian,domestic,,keir_starmer,https://www.theguardian.com/politics/2026/feb/05/if-someone-had-pulled-the-trigger-mps-rue-lack-of-challenger-to-oust-keir-starmer,‘If someone had pulled the trigger’: MPs rue lack of challenger to oust Starmer
The Guardian,domestic,,keir_starmer,https://www.theguardian.com/politics/2026/feb/04/labour-mps-say-starmer-days-as-pm-are-numbered-amid-fury-over-mandelson,Labour MPs say Starmer’s days as PM are numbered amid fury over Mandelson
The Guardian,domestic,,keir_starmer,https://www.theguardian.com/politics/2026/feb/04/keir-starmer-release-files-peter-mandelson-us-ambassador-appointment,Starmer orders release of files relating to Mandelson US ambassador decision
The Guardian,domestic,,keir_starmer,https://www.theguardian.com/politics/2026/feb/08/peter-mandelson-should-hand-back-us-ambassador-payout-says-cabinet-minister,"Mandelson should hand back US ambassador payout, says cabinet minister"
The Guardian,domestic,,keir_starmer,https://www.theguardian.com/politics/2026/feb/08/morgan-mcsweeney-brains-behind-labours-comeback-profile,Morgan McSweeney: brains behind Labour’s comeback undone by poor judgment
The Independent,domestic,,keir_starmer,https://www.independent.co.uk/news/uk/politics/starmer-peter-mandelson-epstein-victims-apology-labour-b2915104.html,"I’m sorry for appointing Mandelson and believing his Epstein lies, Starmer says"
The Independent,domestic,,keir_starmer,https://www.independent.co.uk/news/uk/politics/starmer-resign-rayner-labour-mandelson-epstein-b2915826.html,Will Starmer resign over Mandelson-Epstein scandal and who could replace him?
The Independent,domestic,,keir_starmer,https://www.independent.co.uk/news/uk/politics/starmer-mcsweeney-resigns-mandelson-epstein-labour-latest-news-b2916240.html,Starmer-Mandelson latest: Morgan McSweeney resigns as PM’s chief of staff over US ambassador scandal
The Independent,domestic,,keir_starmer,https://www.independent.co.uk/news/uk/politics/mandelson-starmer-epstein-files-lammy-labour-latest-news-b2916215.html,Morgan McSweeney resigns as PM’s chief of staff over US ambassador scandal - live
The Independent,domestic,,keir_starmer,https://www.independent.co.uk/news/uk/politics/mandelson-starmer-epstein-labour-live-updates-b2916152.html,Mandelson-Starmer latest: Former peer’s ‘five-figure’ US ambassador pay-off ‘to be reviewed’ by gove
The Independent,domestic,,keir_starmer,https://www.independent.co.uk/news/uk/politics/uk-aid-starmer-un-world-food-programme-b2915943.html,Keir Starmer accused of ‘hypocrisy’ over aid cut to World Food Programme
The Independent,domestic,,keir_starmer,https://www.independent.co.uk/news/uk/politics/morgan-mcsweeney-quits-mandelson-keir-starmer-labour-b2913172.html,Morgan McSweeney quits as Keir Starmer’s Downing Street chief of staff over Mandelson scandal
The Independent,domestic,,keir_starmer,https://www.independent.co.uk/news/uk/politics/starmer-morgan-mcsweeney-mandelson-resign-b2914383.html,Starmer’s right hand man has resigned – what does this mean for the future of the PM?
The Independent,domestic,,keir_starmer,https://www.independent.co.uk/news/uk/politics/labour-leadership-candidate-starmer-farage-cairns-rayner-streeting-miliband-b2915915.html,A surprise candidate to replace Starmer could neutralise Farage’s voter appeal
The Independent,domestic,,keir_starmer,https://www.independent.co.uk/news/uk/politics/starmer-mandelson-epstein-labour-leader-b2914212.html,"‘It’s over for Starmer. The only questions are when, how, and how painful’"
The Independent,domestic,,keir_starmer,https://www.independent.co.uk/news/uk/politics/starmer-gorton-denton-byelection-lucy-powell-b2915426.html,Starmer’s deputy warns Mandelson scandal will impact crucial by-election
The Independent,domestic,,keir_starmer,https://www.independent.co.uk/news/uk/politics/mandelson-starmer-labour-epstein-latest-news-b2915877.html,Starmer-Mandelson latest: PM remains in deep jeopardy as poll says majority of voters think he shoul
The Independent,domestic,,keir_starmer,https://www.independent.co.uk/news/uk/politics/morgan-mcsweeney-starmer-chief-of-staff-resignation-mandelson-b2916241.html,Morgan McSweeney’s resignation statement in full as Starmer’s chief of staff quits over Mandelson sc
The Independent,domestic,,keir_starmer,https://www.independent.co.uk/news/uk/politics/starmer-polanski-mandelson-epstein-files-resign-b2915895.html,Polanski insists Starmer should resign over Mandelson scandal
The Telegraph,domestic,,keir_starmer,https://www.telegraph.co.uk/politics/2026/02/04/trump-expected-to-approve-starmers-chagos-deal/,Trump expected to approve Starmer’s Chagos deal
The Telegraph,domestic,,keir_starmer,https://www.telegraph.co.uk/news/2026/02/05/donald-trump-backs-keir-starmers-chagos-deal/,Trump backs Starmer’s Chagos deal
The Telegraph,domestic,,keir_starmer,https://www.telegraph.co.uk/politics/2026/02/08/starmer-latest-news-morgan-mcsweeney-resigns-keir-mandelson/,"Keir Starmer latest: Now PM must resign too, Labour MPs demand"
The Telegraph,domestic,,keir_starmer,https://www.telegraph.co.uk/politics/2026/02/07/lammy-turns-on-starmer-over-mandelson/,Lammy: I warned Starmer about Mandelson
The Telegraph,domestic,,keir_starmer,https://www.telegraph.co.uk/politics/2026/02/07/keir-starmer-resign-scapegoat-morgan-mcsweeney-rayner/,Starmer’s agonising choice: Resign or find a scapegoat
The Telegraph,domestic,,keir_starmer,https://www.telegraph.co.uk/news/2026/02/07/kemi-badenoch-interview-starmer-mandelson-epstein/,Kemi Badenoch: ‘Starmer knew Mandelson was still friends with Epstein. He chose not to care’
The Telegraph,domestic,,keir_starmer,https://www.telegraph.co.uk/politics/2026/02/04/disowned-by-mps-despised-by-public-starmer-on-way-out/,"Disowned by his MPs, despised by the public, Starmer must know the game is up"
The Telegraph,domestic,,keir_starmer,https://www.telegraph.co.uk/news/2026/02/07/piers-morgan-interview-starmer-trump/,Piers Morgan: ​‘Starmer will go because he’s targeted the bedrock of British society’
The Telegraph,domestic,,keir_starmer,https://www.telegraph.co.uk/politics/2026/02/04/labour-rebels-force-starmer-into-his-quickest-u-turn-yet/,How Labour rebels forced Starmer’s quickest U-turn yet
Toronto Star,domestic,,mark_carney,https://www.thestar.com/politics/federal/how-the-latest-epstein-files-have-revived-conspiracy-theorists-attempts-to-link-mark-carney-with/article_ca791413-e8e1-4a15-91f4-208f5396029c.html,How the latest Epstein files have revived conspiracy theorists’ attempts to link Mark Carney with th
Toronto Star,domestic,,mark_carney,https://www.thestar.com/news/world/united-states/judge-seems-skeptical-of-legal-justification-for-pentagons-punishment-of-sen-mark-kelly/article_bcf600c1-bd74-5c1c-9796-8de46d1c48cc.html,Judge seems skeptical of legal justification for Pentagon’s punishment of Sen. Mark Kelly
Toronto Star,domestic,,mark_carney,https://www.thestar.com/sports/olympics-and-paralympics/greenlander-biathlete-standing-strong-against-donald-trump-at-winter-games/article_ffbb8e42-3d22-48e2-97b1-ff63e49c8db5.html,Rosie DiManno: Greenlander biathlete ‘standing strong’ against Donald Trump at Winter Games
UOL,domestic,,lula_da_silva,https://noticias.uol.com.br/politica/ultimas-noticias/2026/02/03/relator-cpmi-inss-quebra-sigilo-lulinha.htm,Relator da CPMI do INSS pede quebra de sigilos bancário e fiscal de Lulinha
UOL,domestic,,lula_da_silva,https://noticias.uol.com.br/ultimas-noticias/agencia-estado/2026/02/05/cpmi-do-inss-barra-votacao-de-quebra-de-sigilo-de-master-e-de-aliados-de-lula-e-bolsonaro.htm,CPMI do INSS barra votação de quebra de sigilo de Master e de aliados de Lula e Bolsonaro
UOL,domestic,,lula_da_silva,https://noticias.uol.com.br/politica/ultimas-noticias/2026/02/05/lula-economia-votos.htm,"Economia vai começar a virar votos quando começar a campanha, diz Lula"
UOL,domestic,,lula_da_silva,https://noticias.uol.com.br/ultimas-noticias/agencia-estado/2026/02/06/lula-sabemos-que-a-seguranca-publica-e-um-problema-no-pais.htm?uol_app=placaruol%3Ft%3Ft%3Ft%3Ft,Lula: Sabemos que a segurança pública é um problema no País
UOL,domestic,,lula_da_silva,https://noticias.uol.com.br/ultimas-noticias/agencia-estado/2026/02/06/lula-diz-que-vive-melhor-momento-politico-da-presidencia-e-da-relacao-com-parlamentares.amp.htm,Lula diz que vive 'melhor momento' político da Presidência e da relação com parlamentares
UOL,domestic,,lula_da_silva,https://noticias.uol.com.br/ultimas-noticias/agencia-brasil/2026/02/02/dois-gigantes-da-nossa-arte-diz-lula-sobre-caetano-e-bethania.htm,"Dois gigantes da nossa arte"", diz Lula sobre Caetano e Bethânia"
UOL,domestic,,lula_da_silva,https://noticias.uol.com.br/politica/ultimas-noticias/2026/02/05/presidente-lula-entrevista-uol.htm,Lula critica conselho de Trump e diz que filho deve se explicar sobre INSS
UOL,domestic,,lula_da_silva,https://noticias.uol.com.br/ultimas-noticias/agencia-estado/2026/02/05/apos-aumentar-proprio-salario-zema-critica-reajuste-no-congresso.htm,"Após aumentar próprio salário, Zema critica reajuste no Congresso"
UOL,domestic,,lula_da_silva,https://noticias.uol.com.br/politica/ultimas-noticias/2026/02/05/lula-6x1.htm,Lula diz que está na hora de mudar a jornada de trabalho no país
UOL,domestic,,lula_da_silva,https://noticias.uol.com.br/ultimas-noticias/agencia-estado/2026/02/05/precisamos-achar-as-pessoas-que-ainda-tem-flexibilidade-ideologica-aponta-lula.htm?iap=true&uol_app=,"'Precisamos achar as pessoas que ainda têm flexibilidade ideológica', aponta Lula"
UOL,domestic,,lula_da_silva,https://noticias.uol.com.br/ultimas-noticias/agencia-estado/2026/02/04/lula-e-haddad-chegam-na-granja-do-torto-para-jantar-com-deputados.htm,Lula e Haddad chegam na Granja do Torto para jantar com deputados
Ukrainska Pravda,domestic,,volodymyr_zelenskyy,https://www.pravda.com.ua/eng/news/2026/02/07/8019860/,"US proposes ending Russo-Ukrainian war by summer, Zelenskyy says"
Ukrainska Pravda,domestic,,volodymyr_zelenskyy,https://www.pravda.com.ua/eng/news/2026/02/05/8019486/,Zelenskyy hopes to end war through diplomacy as early as next year
Ukrainska Pravda,domestic,,volodymyr_zelenskyy,https://www.pravda.com.ua/eng/news/2026/02/03/8019251/,Zelenskyy urges partners to provide air defence missiles from NATO stockpiles
Ukrainska Pravda,domestic,,volodymyr_zelenskyy,https://www.pravda.com.ua/eng/news/2026/02/05/8019627/,Zelenskyy: next round of peace talks could take place in US
Ukrainska Pravda,domestic,,volodymyr_zelenskyy,https://www.pravda.com.ua/eng/news/2026/02/08/8019983/,"Russia has launched over 2,000 drones against Ukraine this week – Zelenskyy"
Ukrainska Pravda,domestic,,volodymyr_zelenskyy,https://www.pravda.com.ua/eng/news/2026/02/07/8019867/,"Zelenskyy: US again proposes energy ceasefire, Russia has yet to agree"
Ukrinform,domestic,,volodymyr_zelenskyy,https://www.ukrinform.net/rubric-economy/4086898-ukraine-imposes-additional-sanctions-against-russias-tanker-fleet-zelensky-says.html,"Ukraine imposes additional sanctions against Russia's tanker fleet, Zelensky says"
Ukrinform,domestic,,volodymyr_zelenskyy,https://www.ukrinform.net/rubric-ato/4088227-zelensky-approves-new-ssu-operations-to-weaken-russia.html,Zelensky approves new SSU operations to weaken Russia
Ukrinform,domestic,,volodymyr_zelenskyy,https://www.ukrinform.net/rubric-ato/4088234-ukrainian-forces-eliminate-30000-invaders-in-january-zelensky.html,"Ukrainian forces eliminate 30,000 invaders in January – Zelensky"
Ziarul de Gardă,domestic,,maia_sandu,https://www.zdg.md/stiri/experienta-estoniei-letoniei-si-lituaniei-si-beneficiile-aderarii-la-ue-discutate-de-maia-sandu-si-presedintii-parlamentelor-tarilor-baltice/,"Experiența Estoniei, Letoniei și Lituaniei și beneficiile aderării la UE, discutate de Maia Sandu și"
Ziarul de Gardă,domestic,,maia_sandu,https://www.zdg.md/stiri/maia-sandu-a-fost-nominalizata-la-premiul-nobel-pentru-pace-de-un-deputat-norvegian-pentru-eforturile-sale-de-a-apara-democratia-in-fata-tentativelor-de-influenta-si-destabilizare-ruse/,"Maia Sandu a fost nominalizată la Premiul Nobel pentru Pace de un deputat norvegian, „pentru efortur"
